index,angle_float,angle_q214_signed,angle_q214_hex,sin_float,cos_float,sin_q214_signed,sin_q214_hex,cos_q214_signed,cos_q214_hex
0,0.000000000000,0,0000,0.000000000000,1.000000000000,0,0000,16384,4000
1,0.261799387799,4289,10C1,0.258819045103,0.965925826289,4240,1090,15826,3DD2
2,-0.261799387799,-4289,EF3F,-0.258819045103,0.965925826289,-4240,EF70,15826,3DD2
3,0.523598775598,8579,2183,0.500000000000,0.866025403784,8192,2000,14189,376D
4,-0.523598775598,-8579,DE7D,-0.500000000000,0.866025403784,-8192,E000,14189,376D
5,0.785398163397,12868,3244,0.707106781187,0.707106781187,11585,2D41,11585,2D41
6,-0.785398163397,-12868,CDBC,-0.707106781187,0.707106781187,-11585,D2BF,11585,2D41
7,1.047197551197,17157,4305,0.866025403784,0.500000000000,14189,376D,8192,2000
8,-1.047197551197,-17157,BCFB,-0.866025403784,0.500000000000,-14189,C893,8192,2000
9,1.570796326795,25736,6488,1.000000000000,0.000000000000,16384,4000,0,0000
10,-1.570796326795,-25736,9B78,-1.000000000000,0.000000000000,-16384,C000,0,0000
11,0.438022205749,7177,1C09,0.424149220527,0.905592313752,6949,1B25,14837,39F5
12,-1.492222721927,-24449,A07F,-0.996914682147,0.078492780053,-16333,C033,1286,0506
13,-0.706766240685,-11580,D2C4,-0.649378007340,0.760465780679,-10639,D671,12459,30AB
14,-0.869559111624,-14247,C859,-0.764044566220,0.645163468301,-12518,CF1A,10570,294A
15,0.742896229203,12172,2F8C,0.676423854834,0.736512571931,11083,2B4B,12067,2F23
16,0.555117811581,9095,2387,0.527043424661,0.849838354349,8635,21BB,13924,3664
17,1.232068448790,20186,4EDA,0.943178138852,0.332287523679,15453,3C5D,5444,1544
18,-1.297669928895,-21261,ACF3,-0.962932279001,0.269743259523,-15777,C25F,4419,1143
19,-0.245289837682,-4019,F04D,-0.242837496950,0.970066982262,-3979,F075,15894,3E16
20,-1.477185601111,-24202,A176,-0.995621714651,0.093474067609,-16312,C048,1531,05FB
21,-0.883924871356,-14482,C76E,-0.773233672294,0.634121193489,-12669,CE83,10389,2895
22,0.016824133763,276,0114,0.016823340092,0.999858477600,276,0114,16382,3FFE
23,-1.487431119380,-24370,A0CE,-0.996527133094,0.083268679630,-16327,C039,1364,0554
24,-0.946129424141,-15501,C373,-0.811157968861,0.584827110823,-13290,CC16,9582,256E
25,0.470875848616,7715,1E23,0.453666990423,0.891171286454,7433,1D09,14601,3909
26,0.141187825305,2313,0909,0.140719219542,0.990049544847,2306,0902,16221,3F5D
27,-0.878261688039,-14389,C7CB,-0.769630147520,0.638489965487,-12610,CEBE,10461,28DD
28,0.280436416682,4595,11F3,0.276775042859,0.960934740578,4535,11B7,15744,3D80
29,0.972104449496,15927,3E37,0.826073530186,0.563562350345,13534,34DE,9233,2411
30,-1.550379871133,-25401,9CC7,-0.999791591409,0.020415037321,-16381,C003,334,014E
31,0.960759514884,15741,3D7D,0.819626928944,0.572897632522,13429,3475,9386,24AA
32,0.622473267682,10199,27D7,0.583046320658,0.812438913376,9553,2551,13311,33FF
33,-0.501867803722,-8223,DFE1,-0.481063853343,0.876685558799,-7882,E136,14364,381C
34,-1.082343072402,-17733,BABB,-0.883059741389,0.469260581274,-14468,C77C,7688,1E08
35,1.436377228770,23534,5BEE,0.990979347789,0.134014671791,16236,3F6C,2196,0894
36,-0.513353376631,-8411,DF25,-0.491101137627,0.871102561482,-8046,E092,14272,37C0
37,-1.279426666581,-20962,AE1E,-0.957851319431,0.287264424987,-15693,C2B3,4707,1263
38,-1.266952867853,-20758,AEEA,-0.954193615950,0.299189811457,-15634,C2EE,4902,1326
39,1.091685748481,17886,45DE,0.887405288300,0.460990080476,14539,38CB,7553,1D81
40,0.325864938128,5339,14DB,0.320128325560,0.947374189628,5245,147D,15522,3CA2
41,0.964871927029,15808,3DC0,0.821975982757,0.569522153890,13467,349B,9331,2473
42,0.721723693373,11825,2E31,0.660679574328,0.750668035862,10825,2A49,12299,300B
43,0.113813905968,1865,0749,0.113568348331,0.993530185881,1861,0745,16278,3F96
44,1.486337008415,24352,5F20,0.996435431476,0.084358940836,16326,3FC6,1382,0566
45,-0.381595508226,-6252,E794,-0.372401688733,0.928071647142,-6101,E82B,15206,3B66
46,0.163490464896,2679,0A77,0.162763111281,0.986665176038,2667,0A6B,16166,3F26
47,1.034855273275,16955,423B,0.859788460722,0.510650372378,14087,3707,8366,20AE
48,0.372340783333,6100,17D4,0.363796815590,0.931478328769,5960,1748,15261,3B9D
49,1.136335740769,18618,48BA,0.907097225013,0.420921161708,14862,3A0E,6896,1AF0
50,0.243008931278,3981,0F8D,0.240624235192,0.970618347982,3942,0F66,15903,3E1F
51,0.642681377784,10530,2922,0.599344013678,0.800491569767,9820,265C,13115,333B
52,-1.426834779747,-23377,A4AF,-0.989655420902,0.143464796657,-16215,C0A9,2351,092F
53,-0.854832778242,-14006,C94A,-0.754461171572,0.656344681238,-12361,CFB7,10754,2A02
54,-0.661657226305,-10841,D5A7,-0.614425205350,0.788975073771,-10067,D8AD,12927,327F
55,-1.320122438276,-21629,AB83,-0.968745479032,0.248056841985,-15872,C200,4064,0FE0
56,-0.839462188380,-13754,CA46,-0.744284043034,0.667863207015,-12194,D05E,10942,2ABE
57,-1.253490978159,-20537,AFC7,-0.950079618002,0.312007563141,-15566,C332,5112,13F8
58,-0.697516497372,-11428,D35C,-0.642316214911,0.766439743269,-10524,D6E4,12557,310D
59,0.426265253307,6984,1B48,0.413473146171,0.910516313635,6774,1A76,14918,3A46
60,-0.424642233549,-6957,E4D3,-0.411994816269,0.911186189188,-6750,E5A2,14929,3A51
61,-0.407838520002,-6682,E5E6,-0.396626060063,0.917980265844,-6498,E69E,15040,3AC0
62,-0.912610578048,-14952,C598,-0.791103278772,0.611682599325,-12961,CD5F,10022,2726
63,-0.732060762374,-11994,D126,-0.668403845276,0.743798561184,-10951,D539,12186,2F9A
64,1.371790844914,22475,57CB,0.980263673382,0.197694538738,16061,3EBD,3239,0CA7
65,0.465066878762,7620,1DC4,0.448482578123,0.893791573646,7348,1CB4,14644,3934
66,0.342845165682,5617,15F1,0.336168031960,0.941802024997,5508,1584,15430,3C46
67,-1.033148406870,-16927,BDE1,-0.858915596729,0.512117171842,-14072,C908,8391,20C7
68,0.719823065181,11794,2E12,0.659251641041,0.751922385480,10801,2A31,12319,301F
69,-1.057452252814,-17325,BC53,-0.871107129987,0.491093034044,-14272,C840,8046,1F6E
70,-0.378701898604,-6205,E7C3,-0.369714656379,0.929145345389,-6057,E857,15223,3B77
71,1.537882962121,25197,626D,0.999458404108,0.032907422545,16375,3FF7,539,021B
72,0.439822217062,7206,1C26,0.425778608927,0.904827373691,6976,1B40,14825,39E9
73,0.178912896666,2931,0B73,0.177959928090,0.984037735046,2916,0B64,16122,3EFA
74,0.579982774658,9502,251E,0.548009528355,0.836472089691,8979,2313,13705,3589
75,1.077101073737,17647,44EF,0.880587756741,0.473883110775,14428,385C,7764,1E54
76,0.867079294505,14206,377E,0.762442331204,0.647056173441,12492,30CC,10601,2969
77,-0.851220586594,-13946,C986,-0.752085411880,0.659065651690,-12322,CFDE,10798,2A2E
78,-1.469950436368,-24084,A1EC,-0.994919361179,0.100675045328,-16301,C053,1649,0671
79,-0.579771348460,-9499,DAE5,-0.547832663995,0.836587934565,-8976,DCF0,13707,358B
80,-0.729663557764,-11955,D14D,-0.666618889124,0.745398723277,-10922,D556,12213,2FB5
81,-0.907974175351,-14876,C5E4,-0.788258779225,0.615343885136,-12915,CD8D,10082,2762
82,1.391441904759,22797,590D,0.983959065309,0.178394388355,16121,3EF9,2923,0B6B
83,1.182393770376,19372,4BAC,0.925515209039,0.378710440624,15164,3B3C,6205,183D
84,-0.582206608231,-9539,DABD,-0.549868346466,0.835251340349,-9009,DCCF,13685,3575
85,0.488324968974,8001,1F41,0.469147293725,0.883119933413,7687,1E07,14469,3885
86,-0.327882052897,-5372,EB04,-0.322038635472,0.946726527178,-5276,EB64,15511,3C97
87,1.302339662492,21338,535A,0.964181404555,0.265243697589,15797,3DB5,4346,10FA
88,-0.129270717620,-2118,F7BA,-0.128910979593,0.991656169920,-2112,F7C0,16247,3F77
89,-0.738650741643,-12102,D0BA,-0.673290913286,0.739377674863,-11031,D4E9,12114,2F52
90,-0.795993160450,-13042,CD0E,-0.714558747888,0.699575439689,-11707,D245,11462,2CC6
91,0.192793679451,3159,0C57,0.191601559473,0.981472792495,3139,0C43,16080,3ED0
92,-0.745369219667,-12212,D04C,-0.678243173148,0.734837531756,-11112,D498,12040,2F08
93,0.265734725483,4354,1102,0.262618275447,0.964899808996,4303,10CF,15809,3DC1
94,1.249797448555,20477,4FFD,0.948920730889,0.315514574131,15547,3CBB,5169,1431
95,-0.316042634006,-5178,EBC6,-0.310807635287,0.950472836986,-5092,EC1C,15573,3CD5
96,-0.881779841047,-14447,C791,-0.771871685273,0.635778343036,-12646,CE9A,10417,28B1
97,1.563060489450,25609,6409,0.999970078560,0.007735760189,16384,4000,127,007F
98,0.029927734230,490,01EA,0.029923266871,0.999552198787,490,01EA,16377,3FF9
99,-1.285195985368,-21057,ADBF,-0.959492689266,0.281733525241,-15720,C298,4616,1208
100,-1.422775867897,-23311,A4F1,-0.989064959378,0.147480527970,-16205,C0B3,2416,0970
101,-1.226323424413,-20092,B184,-0.941253584531,0.337700591661,-15421,C3C3,5533,159D
102,0.400383548344,6560,19A0,0.389771585075,0.920911565498,6386,18F2,15088,3AF0
103,0.917594385348,15034,3ABA,0.794141949532,0.607732312778,13011,32D3,9957,26E5
104,-0.244541676457,-4007,F059,-0.242111662553,0.970248392349,-3967,F081,15897,3E19
105,-1.371218151848,-22466,A83E,-0.980150294345,0.198255896495,-16059,C145,3248,0CB0
106,-0.371903979838,-6093,E833,-0.363389907908,0.931637147623,-5954,E8BE,15264,3BA0
107,1.558611283451,25536,63C0,0.999925763278,0.012184741816,16383,3FFF,200,00C8
108,0.091465412678,1499,05DB,0.091337933933,0.995819954522,1496,05D8,16316,3FBC
109,1.479936370376,24247,5EB7,0.995875073120,0.090734991804,16316,3FBC,1487,05CF
110,1.133422862104,18570,488A,0.905867286180,0.423561636398,14842,39FA,6940,1B1C
111,-1.534727632604,-25145,9DC7,-0.999349595166,0.036060874101,-16373,C00B,591,024F
112,0.693418046189,11361,2C61,0.639169613250,0.769065800499,10472,28E8,12600,3138
113,0.570859960415,9353,2489,0.540355850619,0.841436601713,8853,2295,13786,35DA
114,0.116145718413,1903,076F,0.115884763528,0.993262664949,1899,076B,16274,3F92
115,-0.732540270247,-12002,D11E,-0.668760425686,0.743477970780,-10957,D533,12181,2F95
116,0.442844550855,7256,1C58,0.428511350476,0.903536398002,7021,1B6D,14804,39D4
117,-1.220344837734,-19994,B1E6,-0.939217802502,0.343321888996,-15388,C3E4,5625,15F9
118,-0.204941009257,-3358,F2E2,-0.203509404015,0.979072991394,-3334,F2FA,16041,3EA9
119,-0.145381264232,-2382,F6B2,-0.144869682408,0.989450744160,-2374,F6BA,16211,3F53
120,1.425704783982,23359,5B3F,0.989492674483,0.144583011259,16212,3F54,2369,0941
121,1.180776836322,19346,4B92,0.924901649630,0.380206441966,15154,3B32,6229,1855
122,-0.743335219919,-12179,D06D,-0.676747111827,0.736215557180,-11088,D4B0,12062,2F1E
123,0.001841328453,30,001E,0.001841327412,0.999998304755,30,001E,16384,4000
124,-1.009544891371,-16540,BF64,-0.846589702523,0.532246066760,-13871,C9D1,8720,2210
125,1.296308588752,21239,52F7,0.962564174512,0.271053887533,15771,3D9B,4441,1159
126,1.164018417018,19071,4A7F,0.918400415104,0.395652217909,15047,3AC7,6482,1952
127,-0.633204362478,-10374,D77A,-0.591730941891,0.806135529802,-9695,DA21,13208,3398
128,0.436522712291,7152,1BF0,0.422790814441,0.906227304391,6927,1B0F,14848,3A00
129,0.342340015714,5609,15E9,0.335692237827,0.941971720097,5500,157C,15433,3C49
130,-1.090637603539,-17869,BA33,-0.886921616512,0.461919956446,-14531,C73D,7568,1D90
131,0.824702001004,13512,34C8,0.734345540340,0.678775829993,12032,2F00,11121,2B71
132,0.123712871729,2027,07EB,0.123397544796,0.992357317673,2022,07E6,16259,3F83
133,0.875330898361,14341,3805,0.767755565022,0.640742844188,12579,3123,10498,2902
134,0.095358873578,1562,061A,0.095214417897,0.995456786920,1560,0618,16310,3FB6
135,-1.568999662121,-25706,9B96,-0.999998385998,0.001796663708,-16384,C000,29,001D
136,-0.552430039492,-9051,DCA5,-0.524757351891,0.851251855584,-8598,DE6A,13947,367B
137,-1.509608336000,-24733,9F63,-0.998128598873,0.061149816939,-16353,C01F,1002,03EA
138,1.348053060522,22087,5647,0.975295116056,0.220905945137,15979,3E6B,3619,0E23
139,1.189789869123,19494,4C26,0.928290849539,0.371854943039,15209,3B69,6092,17CC
140,1.041957990490,17071,42AF,0.863393747949,0.504530708681,14146,3742,8266,204A
141,-0.604712209555,-9908,D94C,-0.568525344464,0.822665747860,-9315,DB9D,13479,34A7
142,-1.388819049279,-22754,A71E,-0.983487778639,0.180974554202,-16113,C10F,2965,0B95
143,1.187552179846,19457,4C01,0.927456430322,0.373931236800,15195,3B5B,6126,17EE
144,1.404133093874,23005,59DD,0.986143801202,0.165892746527,16157,3F1D,2718,0A9E
145,-1.301708071024,-21327,ACB1,-0.964013686600,0.265852613394,-15794,C24E,4356,1104
146,-0.044012257525,-721,FD2F,-0.043998049699,0.999031616928,-721,FD2F,16368,3FF0
147,-1.353358787238,-22173,A963,-0.976453449526,0.215728210737,-15998,C182,3534,0DCE
148,0.818705847882,13414,3466,0.730262319681,0.683166849646,11965,2EBD,11193,2BB9
149,0.835143490182,13683,3573,0.741392811504,0.671071306979,12147,2F73,10995,2AF3
150,-1.167442645139,-19127,B549,-0.919749831635,0.392505091951,-15069,C523,6431,191F
151,-0.077652699379,-1272,FB08,-0.077574682696,0.996986543843,-1271,FB09,16335,3FCF
152,0.156462603446,2563,0A03,0.155825002720,0.987784677208,2553,09F9,16184,3F38
153,-0.738096368532,-12093,D0C3,-0.672880918744,0.739750815606,-11024,D4F0,12120,2F58
154,1.170032905828,19170,4AE2,0.920763435502,0.390121386037,15086,3AEE,6392,18F8
155,-0.241469282405,-3956,F08C,-0.239129539134,0.970987674234,-3918,F0B2,15909,3E25
156,-0.905412640535,-14834,C60E,-0.786679970100,0.617361016459,-12889,CDA7,10115,2783
157,0.123452303824,2023,07E7,0.123138964143,0.992389437424,2018,07E2,16259,3F83
158,0.722349757485,11835,2E3B,0.661149411136,0.750254261004,10832,2A50,12292,3004
159,-0.938861623788,-15382,C3EA,-0.806886176635,0.590706947611,-13220,CC5C,9678,25CE
160,-0.591510716040,-9691,DA25,-0.557615702966,0.830099227686,-9136,DC50,13600,3520
161,1.555557581316,25486,638E,0.999883892565,0.015238155698,16382,3FFE,250,00FA
162,0.470855804814,7715,1E23,0.453649127872,0.891180379486,7433,1D09,14601,3909
163,-0.194464321632,-3186,F38E,-0.193240981172,0.981151325329,-3166,F3A2,16075,3ECB
164,0.055216133078,905,0389,0.055188080001,0.998475976589,904,0388,16359,3FE7
165,-1.190650434002,-19508,B3CC,-0.928610511070,0.371055950943,-15214,C492,6079,17BF
166,-0.864888823495,-14170,C8A6,-0.761023145387,0.648724727589,-12469,CF4B,10629,2985
167,-0.508669208468,-8334,DF72,-0.487015373943,0.873393396783,-7979,E0D5,14310,37E6
168,0.277430021153,4545,11C1,0.273884846501,0.961762491916,4487,1187,15758,3D8E
169,-0.847869573387,-13891,C9BD,-0.749872655621,0.661582194705,-12286,D002,10839,2A57
170,-0.878963009609,-14401,C7BF,-0.770077744997,0.637950050287,-12617,CEB7,10452,28D4
171,-1.347764969333,-22082,A9BE,-0.975231434528,0.221186909896,-15978,C196,3624,0E28
172,0.411872087424,6748,1A5C,0.400325558835,0.916372984621,6559,199F,15014,3AA6
173,-0.851554500674,-13952,C980,-0.752305441248,0.658814483044,-12326,CFDA,10794,2A2A
174,1.273664534478,20868,5184,0.956180171701,0.292778891395,15666,3D32,4797,12BD
175,1.129827931408,18511,484F,0.904338761238,0.426815422545,14817,39E1,6993,1B51
176,-1.348191396932,-22089,A9B7,-0.975325666059,0.220771024199,-15980,C194,3617,0E21
177,-0.823082715941,-13485,CB53,-0.733245446500,0.679964054335,-12013,D113,11141,2B85
178,0.530859346916,8698,21FA,0.506274605046,0.862372323469,8295,2067,14129,3731
179,-0.897751546631,-14709,C68B,-0.781927269708,0.623369669528,-12811,CDF5,10213,27E5
180,-1.155126394857,-18926,B612,-0.914846005348,0.403802905512,-14989,C573,6616,19D8
181,1.368208338742,22417,5791,0.979549142475,0.201205063247,16049,3EB1,3297,0CE1
182,0.223188460079,3657,0E49,0.221340118576,0.975196673450,3626,0E2A,15978,3E6A
183,-0.085856502969,-1407,FA81,-0.085751062272,0.996316593919,-1405,FA83,16324,3FC4
184,0.894158292421,14650,393A,0.779682300926,0.626175302629,12774,31E6,10259,2813
185,0.966030309185,15827,3DD3,0.822635155426,0.568569609685,13478,34A6,9315,2463
186,-0.972605938665,-15935,C1C1,-0.826356046713,0.563148012569,-13539,CB1D,9227,240B
187,-1.266279192907,-20747,AEF5,-0.953991842761,0.299832559849,-15630,C2F2,4912,1330
188,-0.216609098826,-3549,F223,-0.214919202992,0.976631832466,-3521,F23F,16001,3E81
189,-0.240084836498,-3934,F0A2,-0.237785030484,0.971317805498,-3896,F0C8,15914,3E2A
190,-0.103595060646,-1697,F95F,-0.103409864112,0.994638828924,-1694,F962,16296,3FA8
191,0.719663005778,11791,2E0F,0.659131280348,0.752027895272,10799,2A2F,12321,3021
192,0.544640788170,8923,22DB,0.518110885225,0.855313457518,8489,2129,14013,36BD
193,1.521049871151,24921,6159,0.998762900229,0.049725940175,16364,3FEC,815,032F
194,-1.261607465802,-20670,AF42,-0.952580701526,0.304286061266,-15607,C309,4985,1379
195,-0.305924264764,-5012,EC6C,-0.301174653947,0.953568994788,-4934,ECBA,15623,3D07
196,-0.504845754342,-8271,DFB1,-0.483672442707,0.875249089212,-7924,E10C,14340,3804
197,1.136227783211,18616,48B8,0.907051778106,0.421019087257,14861,3A0D,6898,1AF2
198,-0.789619414882,-12937,CD77,-0.710085347926,0.704115614555,-11634,D28E,11536,2D10
199,-0.973237417390,-15946,C1B6,-0.826711497918,0.562626074059,-13545,CB17,9218,2402
200,-0.161435300621,-2645,F5AB,-0.160735009956,0.986997597046,-2633,F5B7,16171,3F2B
201,-0.245416066407,-4021,F04B,-0.242959945333,0.970036321466,-3981,F073,15893,3E15
202,-0.695720946616,-11399,D379,-0.640938998776,0.767591818513,-10501,D6FB,12576,3120
203,-0.786006225309,-12878,CDB2,-0.707536615139,0.706676685789,-11592,D2B8,11578,2D3A
204,1.329728097203,21786,551A,0.971083499717,0.238740102576,15910,3E26,3912,0F48
205,-0.178660033555,-2927,F491,-0.177711095560,0.984082703087,-2912,F4A0,16123,3EFB
206,1.135211692901,18599,48A7,0.906623516527,0.421940516282,14854,3A06,6913,1B01
207,0.158101631882,2590,0A1E,0.157443799864,0.987527948913,2580,0A14,16180,3F34
208,-1.411868402402,-23132,A5A4,-0.987397517173,0.158259732972,-16178,C0CE,2593,0A21
209,1.568542134832,25699,6463,0.999997459310,0.002254190054,16384,4000,37,0025
210,1.055661792691,17296,4390,0.870226451688,0.492651928630,14258,37B2,8072,1F88
211,1.473395196447,24140,5E4C,0.995260258834,0.097247196286,16306,3FB2,1593,0639
212,1.339471381552,21946,55BA,0.973363482733,0.229267377711,15948,3E4C,3756,0EAC
213,1.095459957574,17948,461C,0.889138836740,0.457637552001,14568,38E8,7498,1D4A
214,-1.048314563511,-17176,BCE8,-0.866583369549,0.499032327231,-14198,C88A,8176,1FF0
215,-0.045109734798,-739,FD1D,-0.045094437477,0.998982728434,-739,FD1D,16367,3FEF
216,-0.899289381906,-14734,C672,-0.782884984592,0.622166457550,-12827,CDE5,10194,27D2
217,-0.310891089928,-5094,EC1A,-0.305907130069,0.952061357147,-5012,EC6C,15599,3CEF
218,-1.386587785002,-22718,A742,-0.983081528750,0.183168523034,-16107,C115,3001,0BB9
219,-0.380217160309,-6229,E7AB,-0.371122129765,0.928584064476,-6080,E840,15214,3B6E
220,1.524642698341,24980,6194,0.998935110342,0.046137244450,16367,3FEF,756,02F4
221,-0.737636347532,-12085,D0CB,-0.672540546649,0.740060276676,-11019,D4F5,12125,2F5D
222,0.892434116182,14622,391E,0.778601505970,0.627518680918,12757,31D5,10281,2829
223,-0.141345382640,-2316,F6F4,-0.140875207364,0.990027361213,-2308,F6FC,16221,3F5D
224,-0.241879116395,-3963,F085,-0.239527462793,0.970889589278,-3924,F0AC,15907,3E23
225,1.436705740882,23539,5BF3,0.991023319758,0.133689115847,16237,3F6D,2190,088E
226,1.556416281732,25500,639C,0.999896608934,0.014379549470,16382,3FFE,236,00EC
227,0.175201355114,2870,0B36,0.174306413787,0.984691461379,2856,0B28,16133,3F05
228,0.686149833154,11242,2BEA,0.633563045782,0.773691066912,10380,288C,12676,3184
229,-1.084487757715,-17768,BA98,-0.884064126001,0.467365618246,-14485,C76B,7657,1DE9
230,-0.638661201959,-10464,D720,-0.596121062253,0.802894562903,-9767,D9D9,13155,3363
231,1.472493897656,24125,5E3D,0.995172205821,0.098144183533,16305,3FB1,1608,0648
232,0.248752219937,4076,0FEC,0.246194777368,0.969220373082,4034,0FC2,15880,3E08
233,0.132560134654,2172,087C,0.132172246983,0.991226763726,2166,0876,16240,3F70
234,0.779038198757,12764,31DC,0.702595336493,0.711589624108,11511,2CF7,11659,2D8B
235,-1.391206325388,-22794,A6F6,-0.983917011968,0.178626183860,-16120,C108,2927,0B6F
236,0.264451712349,4333,10ED,0.261380080508,0.965235957429,4282,10BA,15814,3DC6
237,0.008954742040,147,0093,0.008954622364,0.999959906565,147,0093,16383,3FFF
238,1.108102221634,18155,46EB,0.894853204223,0.446360552572,14661,3945,7313,1C91
239,-1.076206825266,-17633,BB1F,-0.880163635456,0.474670385448,-14421,C7AB,7777,1E61
240,1.447579617456,23717,5CA5,0.992418420743,0.122905159248,16260,3F84,2014,07DE
241,-1.319118736127,-21612,AB94,-0.968496015922,0.249029048793,-15868,C204,4080,0FF0
242,-0.987009994524,-16171,C0D5,-0.834381658269,0.551187126433,-13671,CA99,9031,2347
243,0.298561592257,4892,131C,0.294145738014,0.955760579229,4819,12D3,15659,3D2B
244,0.550446471219,9019,233B,0.523067804486,0.852291072293,8570,217A,13964,368C
245,-0.831881498164,-13630,CAC2,-0.739199841713,0.673486149829,-12111,D0B1,11034,2B1A
246,-1.194161421155,-19565,B393,-0.929907557571,0.367793331060,-15236,C47C,6026,178A
247,1.226123758858,20089,4E79,0.941186138593,0.337888520847,15420,3C3C,5536,15A0
248,-0.797287998981,-13063,CCF9,-0.715463985853,0.698649615292,-11722,D236,11447,2CB7
249,0.296940678364,4865,1301,0.292596146678,0.956236108369,4794,12BA,15667,3D33
250,0.375048075834,6145,1801,0.366317263593,0.930490011980,6002,1772,15245,3B8D
251,-0.253762412574,-4158,EFC2,-0.251047647840,0.967974730307,-4113,EFEF,15859,3DF3
252,0.262864249346,4307,10D3,0.259847475437,0.965649672246,4257,10A1,15821,3DCD
253,0.071574011744,1173,0495,0.071512917037,0.997439673713,1172,0494,16342,3FD6
254,1.365669985774,22375,5767,0.979035257823,0.203690853844,16041,3EA9,3337,0D09
255,-0.929097126458,-15222,C48A,-0.801079845739,0.598557499953,-13125,CCBB,9807,264F
256,0.679186573126,11128,2B78,0.628160317518,0.778083938593,10292,2834,12748,31CC
257,-0.820942291542,-13450,CB76,-0.731788356308,0.681531951982,-11990,D12A,11166,2B9E
258,-0.327398418121,-5364,EB0C,-0.321580727955,0.946882165535,-5269,EB6B,15514,3C9A
259,0.539380743144,8837,2285,0.513604751126,0.858026899124,8415,20DF,14058,36EA
260,-0.628327704801,-10295,D7C9,-0.587792674257,0.809011601950,-9630,DA62,13255,33C7
261,-0.577496369755,-9462,DB0A,-0.545928028239,0.837832076244,-8944,DD10,13727,359F
262,0.791255639069,12964,32A4,0.711236487881,0.702952813713,11653,2D85,11517,2CFD
263,-1.342895411235,-22002,AA0E,-0.974142793664,0.225933214805,-15960,C1A8,3702,0E76
264,-0.131049895690,-2147,F79D,-0.130675107540,0.991425244922,-2141,F7A3,16244,3F74
265,1.565940809538,25656,6438,0.999988211999,0.004855498178,16384,4000,80,0050
266,1.558532956054,25535,63BF,0.999924805811,0.012263063362,16383,3FFF,201,00C9
267,-1.340640983592,-21965,AA33,-0.973630968499,0.228128773241,-15952,C1B0,3738,0E9A
268,-0.901152305296,-14764,C654,-0.784042673874,0.620706924035,-12846,CDD2,10170,27BA
269,-0.737644652086,-12086,D0CA,-0.672546692497,0.740054691500,-11019,D4F5,12125,2F5D
270,1.361124479004,22301,571D,0.978099268640,0.208138945623,16025,3E99,3410,0D52
271,1.196520090069,19604,4C94,0.930772472779,0.365598965969,15250,3B92,5990,1766
272,1.191512607515,19522,4C42,0.928930080505,0.370255189744,15220,3B74,6066,17B2
273,-0.409892739510,-6716,E5C4,-0.398510954863,0.917163572573,-6529,E67F,15027,3AB3
274,-1.075220037134,-17616,BB30,-0.879694807899,0.475538689231,-14413,C7B3,7791,1E6F
275,1.048490697669,17178,431A,0.866671252745,0.498879684559,14200,3778,8174,1FEE
276,0.639439533367,10477,28ED,0.596745799681,0.802430340007,9777,2631,13147,335B
277,0.350846048374,5748,1674,0.343692439394,0.939082268549,5631,15FF,15386,3C1A
278,1.530687813291,25079,61F7,0.999195761395,0.040097760656,16371,3FF3,657,0291
279,0.483730868547,7925,1EF5,0.465085215487,0.885265916172,7620,1DC4,14504,38A8
280,-1.546219310837,-25333,9D0B,-0.999698000345,0.024574541824,-16379,C005,403,0193
281,0.996212021302,16322,3FC2,0.839418299042,0.543485896076,13753,35B9,8904,22C8
282,-0.630270238243,-10326,D7AA,-0.589363096361,0.807868269365,-9656,DA48,13236,33B4
283,0.513300786617,8410,20DA,0.491055325653,0.871128387293,8045,1F6D,14273,37C1
284,1.378939275778,22593,5841,0.981651821427,0.190682200239,16083,3ED3,3124,0C34
285,-1.148908348374,-18824,B678,-0.912317470498,0.409483617528,-14947,C59D,6709,1A35
286,-1.208166463793,-19795,B2AD,-0.934967155360,0.354734292673,-15319,C429,5812,16B4
287,-1.234532885553,-20227,B0FD,-0.943994175442,0.329962114086,-15466,C396,5406,151E
288,0.167206999201,2740,0AB4,0.166428953722,0.986053448533,2727,0AA7,16155,3F1B
289,-0.715189183768,-11718,D23A,-0.655760256349,0.754969195526,-10744,D608,12369,3051
290,0.329332614475,5396,1514,0.323411581311,0.946258394454,5299,14B3,15503,3C8F
291,0.683648848447,11201,2BC1,0.631626076829,0.775273177060,10349,286D,12702,319E
292,-0.931176506096,-15256,C468,-0.802322741259,0.596890458007,-13145,CCA7,9779,2633
293,0.421720985466,6909,1AFD,0.409331261229,0.912385838656,6706,1A32,14949,3A65
294,-0.741466440767,-12148,D08C,-0.675370106629,0.737478961783,-11065,D4C7,12083,2F33
295,-0.036028249038,-590,FDB2,-0.036020455224,0.999351052837,-590,FDB2,16373,3FF5
296,1.273402142607,20863,517F,0.956103315984,0.293029775218,15665,3D31,4801,12C1
297,1.087316883067,17815,4597,0.885382822156,0.464862622966,14506,38AA,7616,1DC0
298,-1.280832138691,-20985,AE07,-0.958254115390,0.285917908391,-15700,C2AC,4684,124C
299,-0.240093791470,-3934,F0A2,-0.237793728598,0.971315676101,-3896,F0C8,15914,3E2A
300,-0.701579767770,-11495,D319,-0.645425155896,0.763823518973,-10575,D6B1,12514,30E2
301,-1.559657216005,-25553,9C2F,-0.999937960747,0.011138880435,-16383,C001,182,00B6
302,0.851746159285,13955,3683,0.752431694899,0.658670285128,12328,3028,10792,2A28
303,0.430754378839,7057,1B91,0.417556388273,0.908651012552,6841,1AB9,14887,3A27
304,-0.747839598762,-12253,D023,-0.680056428998,0.733159773432,-11142,D47A,12012,2EEC
305,0.757849249485,12417,3081,0.687360911508,0.726316031305,11262,2BFE,11900,2E7C
306,0.162358831345,2660,0A64,0.161646463886,0.986848732437,2648,0A58,16169,3F29
307,-0.227178244089,-3722,F176,-0.225229170663,0.974305814764,-3690,F196,15963,3E5B
308,-1.540418069543,-25238,9D6A,-0.999538616227,0.030373585097,-16376,C008,498,01F2
309,-1.334410768759,-21863,AA99,-0.972190790464,0.234190236639,-15928,C1C8,3837,0EFD
310,1.203564230735,19719,4D07,0.933324689693,0.359033457507,15292,3BBC,5882,16FA
311,1.268979032988,20791,5137,0.954797864854,0.297255844805,15643,3D1B,4870,1306
312,0.143226117643,2347,092B,0.142736936228,0.989760661492,2339,0923,16216,3F58
313,1.051161256402,17222,4346,0.868000448162,0.496563411853,14221,378D,8136,1FC8
314,0.259211447935,4247,1097,0.256318423230,0.966592399056,4200,1068,15837,3DDD
315,-1.105545978014,-18113,B93F,-0.893709275496,0.448646554530,-14643,C6CD,7351,1CB7
316,-1.170414419685,-19176,B518,-0.920912205203,0.389770073643,-15088,C510,6386,18F2
317,-0.602374159247,-9869,D973,-0.566600358396,0.823992738964,-9283,DBBD,13500,34BC
318,1.253437313952,20536,5038,0.950062872995,0.312058547961,15566,3CCE,5113,13F9
319,0.930295657600,15242,3B8A,0.801796660006,0.597596951133,13137,3351,9791,263F
320,1.133180581745,18566,4886,0.905764638929,0.423781097816,14840,39F8,6943,1B1F
321,1.253258707448,20533,5035,0.950007122156,0.312228230392,15565,3CCD,5116,13FC
322,-0.910821417255,-14923,C5B5,-0.790007614633,0.613097030512,-12943,CD71,10045,273D
323,-0.786875531200,-12892,CDA4,-0.708150665927,0.706061353104,-11602,D2AE,11568,2D30
324,-1.247860640115,-20445,B023,-0.948307860173,0.317351858880,-15537,C34F,5199,144F
325,0.880011127615,14418,3852,0.770745968824,0.637142567674,12628,3154,10439,28C7
326,1.206794756067,19772,4D3C,0.934479684134,0.356016460210,15311,3BCF,5833,16C9
327,-0.294124104313,-4819,ED2D,-0.289901679835,0.957056433043,-4750,ED72,15680,3D40
328,0.379069313861,6211,1843,0.370056013592,0.929009443873,6063,17AF,15221,3B75
329,-1.085252694503,-17781,BA8B,-0.884421372475,0.466689228405,-14490,C766,7646,1DDE
330,1.350511040821,22127,566F,0.975835151768,0.218508024051,15988,3E74,3580,0DFC
331,1.145442576702,18767,494F,0.910892817439,0.412643035975,14924,3A4C,6761,1A69
332,1.496045374651,24511,5FBF,0.997207448270,0.074681357214,16338,3FD2,1224,04C8
333,0.976318152308,15996,3E7C,0.828440873842,0.560076529189,13573,3505,9176,23D8
334,1.198254346530,19632,4CB0,0.931405115113,0.363984218807,15260,3B9C,5964,174C
335,-1.492927674346,-24460,A074,-0.996969768105,0.077789983190,-16334,C032,1275,04FB
336,0.743189206566,12176,2F90,0.676639607311,0.736314363447,11086,2B4E,12064,2F20
337,-0.527204901065,-8638,DE42,-0.503119738463,0.864216714007,-8243,DFCD,14159,374F
338,1.353448022659,22175,569F,0.976472696236,0.215641075644,15999,3E7F,3533,0DCD
339,0.949499692142,15557,3CC5,0.813124382379,0.582089974816,13322,340A,9537,2541
340,1.143740876980,18739,4933,0.910189304365,0.414192503818,14913,3A41,6786,1A82
341,0.976247770058,15995,3E7B,0.828401452343,0.560134835335,13573,3505,9177,23D9
342,-0.732601469597,-12003,D11D,-0.668805924802,0.743437041685,-10958,D532,12180,2F94
343,0.902813646729,14792,39C8,0.785072797530,0.619403505462,12863,323F,10148,27A4
344,-1.231203901002,-20172,B134,-0.942890507958,0.333102821967,-15448,C3A8,5458,1552
345,1.169196431088,19156,4AD4,0.920436786730,0.390891444820,15080,3AE8,6404,1904
346,1.126553924030,18457,4819,0.902936520036,0.429773941491,14794,39CA,7041,1B81
347,-0.872000193843,-14287,C831,-0.765617185301,0.643296452323,-12544,CF00,10540,292C
348,0.994586154368,16295,3FA7,0.838533554207,0.544849959593,13739,35AB,8927,22DF
349,-0.124711066304,-2043,F805,-0.124388048846,0.992233648545,-2038,F80A,16257,3F81
350,-0.612010940021,-10027,D8D5,-0.574514563689,0.818494359241,-9413,DB3B,13410,3462
351,0.927855250409,15202,3B62,0.800335893973,0.599551880006,13113,3339,9823,265F
352,-0.855784015564,-14021,C93B,-0.755085169697,0.655626712774,-12371,CFAD,10742,29F6
353,-1.496452312585,-24518,A03A,-0.997237756378,0.074275549503,-16339,C02D,1217,04C1
354,-0.964061202595,-15795,C24D,-0.821513987150,0.570188362663,-13460,CB6C,9342,247E
355,-0.539530992459,-8840,DD78,-0.513733663282,0.857949720678,-8417,DF1F,14057,36E9
356,1.144648525996,18754,4942,0.910564870813,0.413366200894,14919,3A47,6773,1A75
357,1.466775379319,24032,5DE0,0.994594697823,0.103833458299,16295,3FA7,1701,06A5
358,-0.693899300227,-11369,D397,-0.639539655240,0.768758108494,-10478,D712,12595,3133
359,0.444477990627,7282,1C72,0.429986650446,0.902835245456,7045,1B85,14792,39C8
360,-0.315169650691,-5164,EBD4,-0.309977770031,0.950743804653,-5079,EC29,15577,3CD9
361,1.511576322579,24766,60BE,0.998247007953,0.059185396105,16355,3FE3,970,03CA
362,0.113775079100,1864,0748,0.113529772579,0.993534594636,1860,0744,16278,3F96
363,1.379904173228,22608,5850,0.981835353196,0.189734918281,16086,3ED6,3109,0C25
364,-1.208439526526,-19799,B2A9,-0.935063985217,0.354478974764,-15320,C428,5808,16B0
365,1.477807103832,24212,5E94,0.995679616747,0.092855267992,16313,3FB9,1521,05F1
366,-1.009808987340,-16545,BF5F,-0.846730237039,0.532022467274,-13873,C9CF,8717,220D
367,1.453094408430,23807,5CFF,0.993081122438,0.117430337894,16271,3F8F,1924,0784
368,-0.736809152518,-12072,D0D8,-0.671928142454,0.740616345605,-11009,D4FF,12134,2F66
369,-1.230239680835,-20156,B144,-0.942568885237,0.334011821023,-15443,C3AD,5472,1560
370,-0.205574015372,-3368,F2D8,-0.204129122392,0.978943972550,-3344,F2F0,16039,3EA7
371,0.717995483561,11764,2DF4,0.657876341306,0.753125965261,10779,2A1B,12339,3033
372,-0.585349980922,-9590,DA8A,-0.552491131830,0.833518775583,-9052,DCA4,13656,3558
373,0.333664953293,5467,155B,0.327508045384,0.944848390065,5366,14F6,15480,3C78
374,0.035886600339,588,024C,0.035878898087,0.999356145061,588,024C,16373,3FF5
375,-0.360669183203,-5909,E8EB,-0.352900440787,0.935660878146,-5782,E96A,15330,3BE2
376,0.240608434802,3942,0F66,0.238293578221,0.971193168519,3904,0F40,15912,3E28
377,-0.770561972806,-12625,CEAF,-0.696538574955,0.717519347195,-11412,D36C,11756,2DEC
378,0.655918313871,10747,29FB,0.609887253288,0.792488194409,9992,2708,12984,32B8
379,-1.565483019568,-25649,9BCF,-0.999985884416,0.005313282227,-16384,C000,87,0057
380,1.336983813482,21905,5591,0.972790153530,0.231687973782,15938,3E42,3796,0ED4
381,0.120800511583,1979,07BB,0.120506923659,0.992712486750,1974,07B6,16265,3F89
382,0.689359673291,11294,2C1E,0.636043202337,0.771653448616,10421,28B5,12643,3163
383,0.760108587076,12454,30A6,0.689000148872,0.724761198502,11289,2C19,11874,2E62
384,0.536045256020,8783,224F,0.510739961712,0.859735245009,8368,20B0,14086,3706
385,-0.426560826767,-6989,E4B3,-0.413742252563,0.910394062175,-6779,E585,14916,3A44
386,-1.350967115817,-22134,A98A,-0.975934706321,0.218062947328,-15990,C18A,3573,0DF5
387,0.515967904360,8454,2106,0.493376978312,0.869815588083,8083,1F93,14251,37AB
388,-0.533442319348,-8740,DDDC,-0.508500397640,0.861061754812,-8331,DF75,14108,371C
389,-0.584601242433,-9578,DA96,-0.551866889434,0.833932213280,-9042,DCAE,13663,355F
390,1.093322245434,17913,45F9,0.888158508536,0.459537227780,14552,38D8,7529,1D69
391,0.690378378280,11311,2C2F,0.636828959389,0.771005107949,10434,28C2,12632,3158
392,-0.627306095273,-10278,D7DA,-0.586965873704,0.809611674265,-9617,DA6F,13265,33D1
393,-0.599149904132,-9816,D9A8,-0.563940655061,0.825815316866,-9240,DBE8,13530,34DA
394,-0.287792165299,-4715,ED95,-0.283835885801,0.958872874750,-4650,EDD6,15710,3D5E
395,-0.306618227013,-5024,EC60,-0.301836322258,0.953359761352,-4945,ECAF,15620,3D04
396,-0.641968114544,-10518,D6EA,-0.598772900059,0.800918856161,-9810,D9AE,13122,3342
397,-1.170909912379,-19184,B510,-0.921105220371,0.389313720546,-15091,C50D,6379,18EB
398,-0.249925213385,-4095,F001,-0.247331496883,0.968930921506,-4052,F02C,15875,3E03
399,1.383443272874,22666,588A,0.982500693727,0.186258924149,16097,3EE1,3052,0BEC
400,0.557060754218,9127,23A7,0.528693615994,0.848812735771,8662,21D6,13907,3653
401,1.265450943299,20733,50FD,0.953743179371,0.300622600287,15626,3D0A,4925,133D
402,0.362900811333,5946,173A,0.354987607439,0.934871006377,5816,16B8,15317,3BD5
403,-0.625334411761,-10245,D7FB,-0.585368435824,0.810767410754,-9591,DA89,13284,33E4
404,0.150599196621,2467,09A3,0.150030573900,0.988681357615,2458,099A,16199,3F47
405,-1.569521029624,-25715,9B8D,-0.999999186809,0.001275296825,-16384,C000,21,0015
406,-0.669430301665,-10968,D528,-0.620539344391,0.784175313347,-10167,D849,12848,3230
407,-0.220262872922,-3609,F1E7,-0.218486152551,0.975840048954,-3580,F204,15988,3E74
408,0.251279601003,4117,1015,0.248643577676,0.968595050204,4074,0FEA,15869,3DFD
409,0.486022050895,7963,1F1B,0.467112298617,0.884197998460,7653,1DE5,14487,3897
410,-0.109992844309,-1802,F8F6,-0.109771188392,0.993956883471,-1798,F8FA,16285,3F9D
411,-0.181710349586,-2977,F45F,-0.180712027401,0.983536050764,-2961,F46F,16114,3EF2
412,-0.899433575386,-14736,C670,-0.782974688800,0.622053564172,-12828,CDE4,10192,27D0
413,-0.084238081362,-1380,FA9C,-0.084138490370,0.996454070411,-1379,FA9D,16326,3FC6
414,1.260346735183,20650,50AA,0.952196321837,0.305486766782,15601,3CF1,5005,138D
415,0.929989211695,15237,3B85,0.801613491222,0.597842630373,13134,334E,9795,2643
416,-1.037695083122,-17002,BD96,-0.861235141840,0.508206680849,-14110,C8E2,8326,2086
417,-1.304403291562,-21371,AC85,-0.964726715757,0.263253421448,-15806,C242,4313,10D9
418,0.048543920833,795,031B,0.048524857355,0.998821975238,795,031B,16365,3FED
419,0.417646015836,6843,1ABB,0.405609928390,0.914046271253,6646,19F6,14976,3A80
420,-0.517771366030,-8483,DEDD,-0.494944854187,0.868924387570,-8109,E053,14236,379C
421,1.000356816919,16390,4006,0.841663720241,0.540002020395,13790,35DE,8847,228F
422,0.788973727934,12927,327F,0.709630561674,0.704573960588,11627,2D6B,11544,2D18
423,0.542853609195,8894,22BE,0.516581460385,0.856238047967,8464,2110,14029,36CD
424,-0.865066860800,-14173,C8A3,-0.761138630527,0.648589226798,-12470,CF4A,10626,2982
425,-0.945211193031,-15486,C382,-0.810620620526,0.585571694652,-13281,CC1F,9594,257A
426,-1.494061708151,-24479,A061,-0.997057343489,0.076659335992,-16336,C030,1256,04E8
427,-0.801600789032,-13133,CCB3,-0.718470451761,0.695557481411,-11771,D205,11396,2C84
428,-0.078111478344,-1280,FB00,-0.078032070970,0.996950849290,-1278,FB02,16334,3FCE
429,1.098733372116,18002,4652,0.890632107817,0.454724585353,14592,3900,7450,1D1A
430,-1.341999697015,-21987,AA1D,-0.973940031319,0.226805677607,-15957,C1AB,3716,0E84
431,-0.268791491298,-4404,EECC,-0.265566516678,0.964092539759,-4351,EF01,15796,3DB4
432,0.407669966816,6679,1A17,0.396471325932,0.918047105390,6496,1960,15041,3AC1
433,-0.959960015454,-15728,C290,-0.819168635710,0.573552740617,-13421,CB93,9397,24B5
434,0.616865070842,10107,277B,0.578480858271,0.815695958439,9478,2506,13364,3434
435,-0.017664644529,-289,FEDF,-0.017663725865,0.999843984224,-289,FEDF,16381,3FFD
436,-0.804296603825,-13178,CC86,-0.720342932926,0.693618093033,-11802,D1E6,11364,2C64
437,0.490270701243,8033,1F61,0.470864719526,0.882205427271,7715,1E23,14454,3876
438,-1.553376766867,-25451,9C95,-0.999848283302,0.017418678973,-16382,C002,285,011D
439,0.788428156057,12918,3276,0.709246060344,0.704961010189,11620,2D64,11550,2D1E
440,0.848375122154,13900,364C,0.750207021844,0.661203012981,12291,3003,10833,2A51
441,-1.235942458945,-20250,B0E6,-0.944458343294,0.328631157655,-15474,C38E,5384,1508
442,-0.235160167203,-3853,F0F3,-0.232998747427,0.972477035049,-3817,F117,15933,3E3D
443,-1.018232019681,-16683,BED5,-0.851181389990,0.524871642722,-13946,C986,8599,2197
444,1.438742754019,23572,5C14,0.991293589968,0.131670112355,16241,3F71,2157,086D
445,0.056415936869,924,039C,0.056386015253,0.998409043070,924,039C,16358,3FE6
446,-1.413030616962,-23151,A591,-0.987580782038,0.157112058575,-16181,C0CB,2574,0A0E
447,-0.787916842128,-12909,CD93,-0.708885511263,0.705323565409,-11614,D2A2,11556,2D24
448,1.094330909818,17930,460A,0.888621575484,0.458641140309,14559,38DF,7514,1D5A
449,-0.136779209254,-2241,F73F,-0.136353117867,0.990660298613,-2234,F746,16231,3F67
450,0.946928181641,15514,3C9A,0.811624845087,0.584179005817,13298,33F2,9571,2563
451,0.526460973599,8626,21B2,0.502476684752,0.864590759424,8233,2029,14165,3755
452,1.532759346295,25113,6219,0.999276681272,0.038027809104,16372,3FF4,623,026F
453,0.299872302472,4913,1331,0.295398210144,0.955374218536,4840,12E8,15653,3D25
454,1.413841127709,23164,5A7C,0.987707798651,0.156311562219,16183,3F37,2561,0A01
455,1.229700812951,20147,4EB3,0.942388760151,0.334519692605,15440,3C50,5481,1569
456,0.353907709598,5798,16A6,0.346565975825,0.938025599011,5678,162E,15369,3C09
457,0.688869465868,11286,2C16,0.635664855682,0.771965148987,10415,28AF,12648,3168
458,0.015011047510,246,00F6,0.015010483773,0.999887336342,246,00F6,16382,3FFE
459,1.038513675100,17015,4277,0.861650867152,0.507501510476,14117,3725,8315,207B
460,0.150394168352,2464,09A0,0.149827863121,0.988712097343,2455,0997,16199,3F47
461,1.247866059064,20445,4FDD,0.948309579872,0.317346720043,15537,3CB1,5199,144F
462,0.765466147096,12541,30FD,0.692873193600,0.721059454962,11352,2C58,11814,2E26
463,-0.079562603225,-1304,FAE8,-0.079478688487,0.996836565379,-1302,FAEA,16332,3FCC
464,-0.756522062265,-12395,CF95,-0.686396349069,0.727227647979,-11246,D412,11915,2E8B
465,-0.794069783759,-13010,CD2E,-0.713211879912,0.700948510485,-11685,D25B,11484,2CDC
466,0.432476158459,7086,1BAE,0.419120265367,0.907930725969,6867,1AD3,14876,3A1C
467,0.835078317812,13682,3572,0.741349074621,0.671119623881,12146,2F72,10996,2AF4
468,0.066915335503,1096,0448,0.066865409305,0.997762004207,1096,0448,16347,3FDB
469,0.398191958476,6524,197C,0.387752390186,0.921763572672,6353,18D1,15102,3AFE
470,-0.708123004864,-11602,D2AE,-0.650409182064,0.759584028194,-10656,D660,12445,309D
471,-1.327375191518,-21748,AB0C,-0.970519079252,0.241024307502,-15901,C1E3,3949,0F6D
472,-0.673154867119,-11029,D4EB,-0.623455745743,0.781858640100,-10215,D819,12810,320A
473,-0.717178142516,-11750,D21A,-0.657260560865,0.753663422976,-10769,D5EF,12348,303C
474,-0.566399095368,-9280,DBC0,-0.536596951595,0.843838676252,-8792,DDA8,13825,3601
475,0.126141927289,2067,0813,0.125807669444,0.992054650868,2061,080D,16254,3F7E
476,-1.136081391688,-18614,B74A,-0.906990134762,0.421151867436,-14860,C5F4,6900,1AF4
477,-0.844266961023,-13832,C9F8,-0.747484370358,0.664279396090,-12247,D029,10884,2A84
478,0.609311305484,9983,26FF,0.572302837194,0.820042354113,9377,24A1,13436,347C
479,0.648484859108,10625,2981,0.603979532432,0.796999827103,9896,26A8,13058,3302
480,-1.369015441244,-22430,A862,-0.979711216521,0.200414401235,-16052,C14C,3284,0CD4
481,-0.290285141443,-4756,ED6C,-0.286225448517,0.958162299729,-4690,EDAE,15699,3D53
482,0.133866845968,2193,0891,0.133467381000,0.991053206548,2187,088B,16237,3F6D
483,-0.264603047384,-4335,EF11,-0.261526151532,0.965196390412,-4285,EF43,15814,3DC6
484,-0.921006928187,-15090,C50E,-0.796211233993,0.605018735960,-13045,CD0B,9913,26B9
485,-0.250876537905,-4110,EFF2,-0.248253152567,0.968695190574,-4067,F01D,15871,3DFF
486,1.271837589444,20838,5166,0.955643685322,0.294525290432,15657,3D29,4826,12DA
487,0.264143269982,4328,10E8,0.261082348416,0.965316532204,4278,10B6,15816,3DC8
488,0.614253577990,10064,2750,0.576348703939,0.817203873870,9443,24E3,13389,344D
489,1.120706731986,18362,47BA,0.900408128085,0.435046207751,14752,39A0,7128,1BD8
490,0.834389969166,13671,3567,0.740886934739,0.671629771476,12139,2F6B,11004,2AFC
491,-0.375794080751,-6157,E7F3,-0.367011311720,0.930216478606,-6013,E883,15241,3B89
492,-1.552273233922,-25432,9CA8,-0.999828452420,0.018522033663,-16381,C003,303,012F
493,-0.465713456486,-7630,E232,-0.449060390056,0.893501407991,-7357,E343,14639,392F
494,0.796315590754,13047,32F7,0.714784275063,0.699345007934,11711,2DBF,11458,2CC2
495,1.110389484934,18193,4711,0.895871806699,0.444312621880,14678,3956,7280,1C70
496,1.424493420252,23339,5B2B,0.989316805918,0.145781540422,16209,3F51,2388,0954
497,-0.254402143587,-4168,EFB8,-0.251666839882,0.967813929278,-4123,EFE5,15857,3DF1
498,0.777593407310,12740,31C4,0.701566504941,0.712603984794,11494,2CE6,11675,2D9B
499,0.144928925353,2375,0947,0.144422100563,0.989516173122,2366,093E,16212,3F54
500,0.324377574882,5315,14C3,0.318718882428,0.947849288645,5222,1466,15530,3CAA
501,-0.877953584875,-14384,C7D0,-0.769433390215,0.638727060662,-12606,CEC2,10465,28E1
502,-0.881462931430,-14442,C796,-0.771670162245,0.636022924666,-12643,CE9D,10421,28B5
503,-0.201577226277,-3303,F319,-0.200214869804,0.979752012455,-3280,F330,16052,3EB4
504,-1.479612165679,-24242,A14E,-0.995845604073,0.091057854407,-16316,C044,1492,05D4
505,-0.514814221658,-8435,DF0D,-0.492373158998,0.870384209587,-8067,E07D,14260,37B4
506,0.562790829955,9221,2405,0.533548671163,0.845769363066,8742,2226,13857,3621
507,-0.300598049308,-4925,ECC3,-0.296091492105,0.955159582637,-4851,ED0D,15649,3D21
508,-1.052293011732,-17241,BCA7,-0.868561880432,0.495580729912,-14231,C869,8120,1FB8
509,-0.102446867606,-1678,F972,-0.102267758818,0.994756907745,-1676,F974,16298,3FAA
510,-1.169841776463,-19167,B521,-0.920688855031,0.390297363841,-15085,C513,6395,18FB
511,0.384081570446,6293,1895,0.374707779402,0.927142966352,6139,17FB,15190,3B56
512,-1.486078719596,-24348,A0E4,-0.996413609268,0.084616306150,-16325,C03B,1386,056A
513,-0.332945184113,-5455,EAB1,-0.326827887855,0.945083875495,-5355,EB15,15484,3C7C
514,0.202293380821,3314,0CF2,0.200916472257,0.979608376432,3292,0CDC,16050,3EB2
515,-1.485652737115,-24341,A0EB,-0.996377473799,0.085040753201,-16325,C03B,1393,0571
516,0.448461245489,7348,1CB4,0.433579452669,0.901115341243,7104,1BC0,14764,39AC
517,-1.144483814615,-18751,B6C1,-0.910496772344,0.413516175683,-14918,C5BA,6775,1A77
518,-0.120327886789,-1971,F84D,-0.120037729684,0.992769330435,-1967,F851,16266,3F8A
519,-1.412822491639,-23148,A594,-0.987548061651,0.157317595741,-16180,C0CC,2577,0A11
520,-0.379806412114,-6223,E7B1,-0.370740684240,0.928736423884,-6074,E846,15216,3B70
521,-0.905845932859,-14841,C607,-0.786947394035,0.617020096124,-12893,CDA3,10109,277D
522,-0.543979947323,-8913,DD2F,-0.517545546065,0.855655659567,-8479,DEE1,14019,36C3
523,0.820677331219,13446,3486,0.731607751697,0.681725822935,11987,2ED3,11169,2BA1
524,-0.379736193195,-6222,E7B2,-0.370675468459,0.928762454604,-6073,E847,15217,3B71
525,0.791712210312,12971,32AB,0.711557361778,0.702628010329,11658,2D8A,11512,2CF8
526,1.042770895792,17085,42BD,0.863803598320,0.503828684703,14153,3749,8255,203F
527,-0.778261935838,-12751,CE31,-0.702042744223,0.712134808364,-11502,D312,11668,2D94
528,-1.313480307668,-21520,ABF0,-0.967076495775,0.254485856817,-15845,C21B,4169,1049
529,-1.509901934596,-24738,9F5E,-0.998146509354,0.060856765152,-16354,C01E,997,03E5
530,0.123838591365,2029,07ED,0.123522302621,0.992341796336,2024,07E8,16259,3F83
531,1.570506761517,25731,6483,0.999999958076,0.000289565274,16384,4000,5,0005
532,-0.471363481916,-7723,E1D5,-0.454101501264,0.890949957377,-7440,E2F0,14597,3905
533,0.471691580334,7728,1E30,0.454393796088,0.890800919441,7445,1D15,14595,3903
534,0.883519682604,14476,388C,0.772976670052,0.634434447012,12664,3178,10395,289B
535,0.476751310062,7811,1E83,0.458895172326,0.888490416839,7519,1D5F,14557,38DD
536,0.798697166172,13086,331E,0.716447789276,0.697640713578,11738,2DDA,11430,2CA6
537,1.412496916468,23142,5A66,0.987496790609,0.157639108526,16179,3F33,2583,0A17
538,-0.944486271670,-15474,C38E,-0.810195914138,0.586159176942,-13274,CC26,9604,2584
539,-1.506770614101,-24687,9F91,-0.997951054136,0.063981978311,-16350,C022,1048,0418
540,-1.092073068741,-17893,BA1B,-0.887583772530,0.460646335859,-14542,C732,7547,1D7B
541,-1.174261439401,-19239,B4D9,-0.922404840123,0.386224430762,-15113,C4F7,6328,18B8
542,0.532370661344,8722,2212,0.507577342101,0.861606198785,8316,207C,14117,3725
543,0.200966368645,3293,0CDD,0.199616343493,0.979874132433,3271,0CC7,16054,3EB6
544,-0.886040526340,-14517,C74B,-0.774573522461,0.632483879875,-12691,CE6D,10363,287B
545,0.626637688315,10267,281B,0.586424592550,0.810003825456,9608,2588,13271,33D7
546,0.838485105053,13738,35AA,0.743631129852,0.668590115627,12184,2F98,10954,2ACA
547,-1.043671186638,-17100,BD34,-0.864256840545,0.503050806152,-14160,C8B0,8242,2032
548,0.336927938924,5520,1590,0.330589323133,0.943774707984,5416,1528,15463,3C67
549,0.778881406819,12761,31D9,0.702483756341,0.711699776645,11509,2CF5,11660,2D8C
550,-1.210980699476,-19841,B27F,-0.935961757515,0.352101673482,-15335,C419,5769,1689
551,1.003114223498,16435,4033,0.843149523772,0.537679161361,13814,35F6,8809,2269
552,1.459963366534,23920,5D70,0.993864312191,0.110606188588,16283,3F9B,1812,0714
553,-1.231194089008,-20172,B134,-0.942887239510,0.333112073587,-15448,C3A8,5458,1552
554,-1.490125173896,-24414,A0A2,-0.996747846825,0.080583682275,-16331,C035,1320,0528
555,-0.590753739570,-9679,DA31,-0.556987177683,0.830521091783,-9126,DC5A,13607,3527
556,0.557152933503,9128,23A8,0.528771856699,0.848763997565,8663,21D7,13906,3652
557,1.439392422582,23583,5C1F,0.991378922698,0.131026072331,16243,3F73,2147,0863
558,-0.324669647312,-5319,EB39,-0.318995709475,0.947756159219,-5226,EB96,15528,3CA8
559,0.675488617797,11067,2B3B,0.625278709427,0.780401521998,10245,2805,12786,31F2
560,-1.332046350304,-21824,AAC0,-0.971634349760,0.236488245727,-15919,C1D1,3875,0F23
561,0.598832848763,9811,2653,0.563678797540,0.825994075768,9235,2413,13533,34DD
562,0.399743775245,6549,1995,0.389182330901,0.921160742387,6376,18E8,15092,3AF4
563,-1.250663934215,-20491,AFF5,-0.949193763485,0.314692229585,-15552,C340,5156,1424
564,0.856023946406,14025,36C9,0.755242453031,0.655445525684,12374,3056,10739,29F3
565,1.100478666524,18030,466E,0.891424379234,0.453169478349,14605,390D,7425,1D01
566,0.315452391444,5168,1430,0.310246571656,0.950656123304,5083,13DB,15576,3CD8
567,-1.190490623700,-19505,B3CF,-0.928551200649,0.371204347730,-15213,C493,6082,17C2
568,1.520041860199,24904,6148,0.998712268531,0.050732678683,16363,3FEB,831,033F
569,0.887925127773,14548,38D4,0.775764126247,0.631022995166,12710,31A6,10339,2863
570,-0.480023528403,-7865,E147,-0.461800044988,0.886984057607,-7566,E272,14532,38C4
571,-0.225007107457,-3687,F199,-0.223113290434,0.974792521325,-3655,F1B9,15971,3E63
572,-0.406613584434,-6662,E5FA,-0.395501296104,0.918465418391,-6480,E6B0,15048,3AC8
573,0.018726373059,307,0133,0.018725278593,0.999824666600,307,0133,16381,3FFD
574,-0.498786974675,-8172,E014,-0.478360656272,0.878163471417,-7837,E163,14388,3834
575,1.098224221656,17993,4649,0.890400469154,0.455177992142,14588,38FC,7458,1D22
576,1.012632444297,16591,40CF,0.848229002553,0.529629643456,13897,3649,8677,21E5
577,-1.239236186112,-20304,B0B0,-0.945535639670,0.325518592578,-15492,C37C,5333,14D5
578,1.447606836027,23718,5CA6,0.992421765678,0.122878146992,16260,3F84,2013,07DD
579,0.425953173264,6979,1B43,0.413188972070,0.910645306011,6770,1A72,14920,3A48
580,1.032664473427,16919,4217,0.858667665537,0.512532769841,14068,36F4,8397,20CD
581,0.651279312093,10671,29AF,0.606204349853,0.795308925022,9932,26CC,13030,32E6
582,-0.202673111306,-3321,F307,-0.201288444927,0.979532011697,-3298,F31E,16049,3EB1
583,0.734489609532,12034,2F02,0.670208444966,0.742172918057,10981,2AE5,12160,2F80
584,1.462328854497,23959,5D97,0.994123168955,0.108254907264,16288,3FA0,1774,06EE
585,-0.722307454440,-11834,D1C6,-0.661117672505,0.750282228966,-10832,D5B0,12293,3005
586,0.968236401645,15864,3DF8,0.823887469720,0.566753418374,13499,34BB,9286,2446
587,0.119923722464,1965,07AD,0.119636477944,0.992817764318,1960,07A8,16266,3F8A
588,-0.051844120566,-849,FCAF,-0.051820899139,0.998656394568,-849,FCAF,16362,3FEA
589,-0.202398699483,-3316,F30C,-0.201019642187,0.979587210745,-3294,F322,16050,3EB2
590,0.725790257648,11891,2E73,0.663726742928,0.747975140444,10874,2A7A,12255,2FDF
591,-0.727606876203,-11921,D16F,-0.665084432517,0.746768168593,-10897,D56F,12235,2FCB
592,1.104939479688,18103,46B7,0.893437007757,0.449188505162,14638,392E,7360,1CC0
593,1.039022139261,17023,427F,0.861908802087,0.507063326307,14122,372A,8308,2074
594,-1.298536802924,-21275,ACE5,-0.963165750590,0.268908417290,-15781,C25B,4406,1136
595,1.198929724044,19643,4CBB,0.931650729428,0.363355085771,15264,3BA0,5953,1741
596,-0.804676737753,-13184,CC80,-0.720606548645,0.693344216136,-11806,D1E2,11360,2C60
597,-0.110871622053,-1817,F8E7,-0.110644613082,0.993860035214,-1813,F8EB,16283,3F9B
598,0.346617271469,5679,162F,0.339718208776,0.940527266285,5566,15BE,15410,3C32
599,-0.380166313156,-6229,E7AB,-0.371074913429,0.928602933779,-6080,E840,15214,3B6E
600,-1.480632624642,-24259,A13D,-0.995938006355,0.090041587599,-16317,C043,1475,05C3
601,1.102550852316,18064,4690,0.892361516050,0.451321309793,14620,391C,7394,1CE2
602,-0.999529567418,-16376,C008,-0.841216715897,0.540698101435,-13782,CA2A,8859,229B
603,-0.904402163790,-14818,C61E,-0.786055739631,0.618155622957,-12879,CDB1,10128,2790
604,0.935667944212,15330,3BE2,0.804995536178,0.593280866651,13189,3385,9720,25F8
605,-0.501590317379,-8218,DFE6,-0.480820566556,0.876819013695,-7878,E13A,14366,381E
606,1.194810454422,19576,4C78,0.930146071803,0.367189712697,15240,3B88,6016,1780
607,0.632037392065,10355,2873,0.590789802878,0.806825513240,9680,25D0,13219,33A3
608,-0.702872998782,-11516,D304,-0.646412416163,0.762988196652,-10591,D6A1,12501,30D5
609,-1.538905660249,-25213,9D83,-0.999491535789,0.031885261276,-16376,C008,522,020A
610,1.407630102693,23063,5A17,0.986717898612,0.162443185631,16166,3F26,2661,0A65
611,-1.301835274456,-21329,ACAF,-0.964047496165,0.265729985394,-15795,C24D,4354,1102
612,0.691384947991,11328,2C40,0.637604707035,0.770363704731,10447,28CF,12622,314E
613,-0.035883752428,-588,FDB4,-0.035876052009,0.999356247237,-588,FDB4,16373,3FF5
614,0.811048178797,13288,33E8,0.725009493996,0.688738871863,11879,2E67,11284,2C14
615,0.598816900511,9811,2653,0.563665624307,0.826003065355,9235,2413,13533,34DD
616,0.458367477964,7510,1D56,0.442484690578,0.896776058224,7250,1C52,14693,3965
617,-0.028835626287,-472,FE28,-0.028831630348,0.999584282135,-472,FE28,16377,3FF9
618,0.920275746519,15078,3AE6,0.795768642587,0.605600749237,13038,32EE,9922,26C2
619,-1.278460604300,-20946,AE2E,-0.957573357179,0.288189634825,-15689,C2B7,4722,1272
620,-0.874630703008,-14330,C806,-0.767306731691,0.641280265953,-12572,CEE4,10507,290B
621,0.602517118128,9872,2690,0.566718149686,0.823911729991,9285,2445,13499,34BB
622,-0.608821712053,-9975,D909,-0.571901281270,0.820322451528,-9370,DB66,13440,3480
623,0.256214427739,4198,1066,0.253420379484,0.967356248371,4152,1038,15849,3DE9
624,-0.084004652074,-1376,FAA0,-0.083905886515,0.996473683651,-1375,FAA1,16326,3FC6
625,0.097144111722,1592,0638,0.096991392652,0.995285220302,1589,0635,16307,3FB3
626,-0.234036674726,-3834,F106,-0.231906029974,0.972738193586,-3800,F128,15937,3E41
627,0.772628961237,12659,3173,0.698020190129,0.716078078265,11436,2CAC,11732,2DD4
628,-0.531584817653,-8709,DDFB,-0.506900097648,0.862004809154,-8305,DF8F,14123,372B
629,0.637287596115,10441,28C9,0.595017639558,0.803712640572,9749,2615,13168,3370
630,-0.719687270070,-11791,D1F1,-0.659149527578,0.752011901697,-10800,D5D0,12321,3021
631,-0.780988384557,-12796,CE04,-0.703981731530,0.710218080361,-11534,D2F2,11636,2D74
632,-1.191744685645,-19526,B3BA,-0.929015983620,0.370039595419,-15221,C48B,6063,17AF
633,-0.965774925291,-15823,C231,-0.822489925080,0.568779678911,-13476,CB5C,9319,2467
634,-1.195204029966,-19582,B382,-0.930290516649,0.366823601520,-15242,C476,6010,177A
635,0.112669970178,1846,0736,0.112431739534,0.993659450690,1842,0732,16280,3F98
636,0.823692951003,13495,34B7,0.733660247855,0.679516475677,12020,2EF4,11133,2B7D
637,-0.989130941979,-16206,C0B2,-0.835548819627,0.549416208370,-13690,CA86,9002,232A
638,-0.891003931803,-14598,C6FA,-0.777703242574,0.628631582479,-12742,CE3A,10299,283B
639,-0.049641602329,-813,FCD3,-0.049621216301,0.998768108668,-813,FCD3,16364,3FEC
640,0.705554589540,11560,2D28,0.648456111657,0.761252041873,10624,2980,12472,30B8
641,1.497305121739,24532,5FD4,0.997300736602,0.073425069109,16340,3FD4,1203,04B3
642,0.077399006999,1268,04F4,0.077321752313,0.997006191866,1267,04F3,16335,3FCF
643,-0.681729679611,-11169,D45F,-0.630137034417,0.776483945653,-10324,D7AC,12722,31B2
644,-1.254984244123,-20562,AFAE,-0.950544468839,0.310588494248,-15574,C32A,5089,13E1
645,-0.960957969531,-15744,C280,-0.819740607001,0.572734962468,-13431,CB89,9384,24A8
646,-0.856136891583,-14027,C935,-0.755316477624,0.655360220512,-12375,CFA9,10737,29F1
647,-1.007064091404,-16500,BF8C,-0.845266702741,0.534344646494,-13849,C9E7,8755,2233
648,-1.526347920163,-25008,9E50,-0.999012332198,0.044433772248,-16368,C010,728,02D8
649,0.107238545673,1757,06DD,0.107033121394,0.994255455567,1754,06DA,16290,3FA2
650,-0.709021877776,-11617,D29F,-0.651091688723,0.758999086215,-10667,D655,12435,3093
651,1.490041471187,24413,5F5D,0.996741098261,0.080667112487,16331,3FCB,1322,052A
652,0.167632138098,2746,0ABA,0.166848148344,0.985982604002,2734,0AAE,16154,3F1A
653,0.620205031258,10161,27B1,0.581202018847,0.813759309187,9522,2532,13333,3415
654,-1.174077599418,-19236,B4DC,-0.922333821043,0.386393999125,-15112,C4F8,6331,18BB
655,1.157554990454,18965,4A15,0.915823980427,0.401579925886,15005,3A9D,6579,19B3
656,-0.028655426275,-469,FE2B,-0.028651504781,0.999589461366,-469,FE2B,16377,3FF9
657,1.170933581319,19185,4AF1,0.921114434756,0.389291918852,15092,3AF4,6378,18EA
658,0.232679608272,3812,0EE4,0.230585746466,0.973052009672,3778,0EC2,15942,3E46
659,-0.096142332984,-1575,F9D9,-0.095994288578,0.995381884786,-1573,F9DB,16308,3FB4
660,-0.187022786435,-3064,F408,-0.185934425963,0.982562155409,-3046,F41A,16098,3EE2
661,-0.991600774309,-16246,C08A,-0.836903235709,0.547350869243,-13712,CA70,8968,2308
662,-1.409391609525,-23091,A5CD,-0.987002512400,0.160704824186,-16171,C0D5,2633,0A49
663,1.385642155373,22702,58AE,0.982907879650,0.184098072021,16104,3EE8,3016,0BC8
664,-0.069965821676,-1146,FB86,-0.069908752675,0.997553390200,-1145,FB87,16344,3FD8
665,1.011956144879,16580,40C4,0.847870620379,0.530203179072,13892,3644,8687,21EF
666,-0.311936769977,-5111,EC09,-0.306902514208,0.951740955708,-5028,EC5C,15593,3CE9
667,-1.338060324958,-21923,AA5D,-0.973039004572,0.230640619971,-15942,C1BA,3779,0EC3
668,0.406665681999,6663,1A07,0.395549145379,0.918444812490,6481,1951,15048,3AC8
669,-1.402378452832,-22977,A63F,-0.985851201078,0.167622818654,-16152,C0E8,2746,0ABA
670,-1.102078291479,-18056,B978,-0.892148139644,0.451742954489,-14617,C6E7,7401,1CE9
671,0.197416416555,3234,0CA2,0.196136586778,0.980576585141,3214,0C8E,16066,3EC2
672,-0.616268914892,-10097,D88F,-0.577994473504,0.816040678275,-9470,DB02,13370,343A
673,1.551689545781,25423,634F,0.999817471013,0.019105618486,16381,3FFD,313,0139
674,-1.198669769145,-19639,B349,-0.931556242016,0.363597260663,-15263,C461,5957,1745
675,0.830773585127,13611,352B,0.738453224107,0.674304705461,12099,2F43,11048,2B28
676,0.334006752092,5472,1560,0.327830974291,0.944736393019,5371,14FB,15479,3C77
677,0.913389255135,14965,3A75,0.791579342110,0.611066399947,12969,32A9,10012,271C
678,-0.861779274982,-14119,C8D9,-0.759002228351,0.651088025814,-12435,CF6D,10667,29AB
679,0.070913710538,1162,048A,0.070854290875,0.997486676334,1161,0489,16343,3FD7
680,-0.155463393564,-2547,F60D,-0.154837920884,0.987939885953,-2537,F617,16186,3F3A
681,-0.179947272978,-2948,F47C,-0.178977698029,0.983853131117,-2932,F48C,16119,3EF7
682,1.131496951427,18538,486A,0.905049864817,0.425305469275,14828,39EC,6968,1B38
683,1.539478607912,25223,6287,0.999509640323,0.031312599734,16376,3FF8,513,0201
684,-0.611415994690,-10017,D8DF,-0.574027502642,0.818836019121,-9405,DB43,13416,3468
685,0.380218542764,6230,1856,0.371123413490,0.928583551416,6080,17C0,15214,3B6E
686,0.344415668516,5643,160B,0.337646719525,0.941272910900,5532,159C,15422,3C3E
687,0.754262798316,12358,3046,0.684751599482,0.728776541202,11219,2BD3,11940,2EA4
688,1.406146085161,23038,59FE,0.986475743637,0.163907312879,16162,3F22,2685,0A7D
689,-0.918011368355,-15041,C53F,-0.794395294531,0.607401116254,-13015,CD29,9952,26E0
690,-0.907841123501,-14874,C5E6,-0.788176899606,0.615448758978,-12913,CD8F,10084,2764
691,0.503999857232,8258,2042,0.482931899075,0.875657913146,7912,1EE8,14347,380B
692,-1.077386916035,-17652,BB0C,-0.880723176602,0.473631382191,-14430,C7A2,7760,1E50
693,-1.024744960278,-16789,BE6B,-0.854581770842,0.519316856018,-14001,C94F,8508,213C
694,-1.334973086112,-21872,AA90,-0.972322325987,0.233643519890,-15931,C1C5,3828,0EF4
695,-1.562390296323,-25598,9C02,-0.999964669534,0.008405931476,-16383,C001,138,008A
696,-0.155497197953,-2548,F60C,-0.154871317500,0.987934651187,-2537,F617,16186,3F3A
697,0.294716561412,4829,12DD,0.290468643801,0.956884510779,4759,1297,15678,3D3E
698,-0.655778284085,-10744,D608,-0.609776275357,0.792573589020,-9991,D8F9,12986,32BA
699,-0.843592288833,-13821,CA03,-0.747036029437,0.664783551785,-12239,D031,10892,2A8C
700,0.650170914766,10652,299C,0.605322459372,0.795980351629,9918,26BE,13041,32F1
701,0.637704221277,10448,28D0,0.595352434817,0.803464671505,9754,261A,13164,336C
702,-0.144414847255,-2366,F6C2,-0.143913392909,0.989590286604,-2358,F6CA,16213,3F55
703,0.588687088289,9645,25AD,0.555269591968,0.831670415631,9098,238A,13626,353A
704,1.331755823122,21819,553B,0.971565602491,0.236770521932,15918,3E2E,3879,0F27
705,0.904238414011,14815,39DF,0.785954506246,0.618284331122,12877,324D,10130,2792
706,0.392881316580,6437,1925,0.382851789086,0.923809778901,6273,1881,15136,3B20
707,0.506371463311,8296,2068,0.485007254631,0.874510127417,7946,1F0A,14328,37F8
708,1.362409643146,22322,5732,0.978365953539,0.206881755975,16030,3E9E,3390,0D3E
709,-0.235182874127,-3853,F0F3,-0.233020829329,0.972471744113,-3818,F116,15933,3E3D
710,0.139996841584,2294,08F6,0.139539987129,0.990216436943,2286,08EE,16224,3F60
711,0.463808162456,7599,1DAF,0.447357193111,0.894355377784,7330,1CA2,14653,393D
712,1.283062395922,21022,521E,0.958889402144,0.283780045909,15710,3D5E,4649,1229
713,1.026142051590,16812,41AC,0.855306469660,0.518122420821,14013,36BD,8489,2129
714,-1.346455707935,-22060,A9D4,-0.974941007273,0.222463552828,-15973,C19B,3645,0E3D
715,-1.049534511116,-17196,BCD4,-0.867191517834,0.497974769840,-14208,C880,8159,1FDF
716,-0.604405316129,-9903,D951,-0.568272846985,0.822840185807,-9311,DBA1,13481,34A9
717,0.782123750708,12814,320E,0.704787635189,0.709418345748,11547,2D1B,11623,2D67
718,0.217420357717,3562,0DEA,0.215711433439,0.976457155990,3534,0DCE,15998,3E7E
719,-0.664099422825,-10881,D57F,-0.616350203299,0.787472175314,-10098,D88E,12902,3266
720,-1.180127787826,-19335,B479,-0.924654682414,0.380806667865,-15150,C4D2,6239,185F
721,0.592749391086,9712,25F0,0.558643498123,0.829407886389,9153,23C1,13589,3515
722,0.627481877394,10281,2829,0.587108179893,0.809508483651,9619,2593,13263,33CF
723,1.390708425840,22785,5901,0.983827952117,0.179116053534,16119,3EF7,2935,0B77
724,0.001483388165,24,0018,0.001483387621,0.999998899780,24,0018,16384,4000
725,-0.019492893323,-319,FEC1,-0.019491658884,0.999810019571,-319,FEC1,16381,3FFD
726,-1.318080795827,-21595,ABA5,-0.968237016993,0.250034155516,-15864,C208,4097,1001
727,-1.445569980037,-23684,A37C,-0.992169422091,0.124899310914,-16256,C080,2046,07FE
728,-0.213538249327,-3499,F255,-0.211919104977,0.977287211083,-3472,F270,16012,3E8C
729,-0.558193208423,-9145,DC47,-0.529654518328,0.848213470309,-8678,DE1A,13897,3649
730,-0.784242363883,-12849,CDCF,-0.706289035392,0.707923582377,-11572,D2CC,11599,2D4F
731,-1.283884450680,-21035,ADD5,-0.959122360858,0.282991690517,-15714,C29E,4637,121D
732,1.451136525261,23775,5CDF,0.992849304311,0.119374448393,16267,3F8B,1956,07A4
733,1.055445113358,17292,438C,0.870119683769,0.492840477151,14256,37B0,8075,1F8B
734,0.236244969082,3871,0F1F,0.234053555039,0.972223705416,3835,0EFB,15929,3E39
735,1.416186858696,23203,5AA3,0.988071745783,0.153994237507,16189,3F3D,2523,09DB
736,1.569453034798,25714,6472,0.999999097783,0.001343291593,16384,4000,22,0016
737,0.541238559596,8868,22A4,0.515197920349,0.857071235585,8441,20F9,14042,36DA
738,-0.724102467555,-11864,D1A8,-0.662463373138,0.749094305979,-10854,D59A,12273,2FF1
739,-1.444404798002,-23665,A38F,-0.992023218182,0.126055283855,-16253,C083,2065,0811
740,0.805092274968,13191,3387,0.720894596747,0.693044717447,11811,2E23,11355,2C5B
741,-0.092674396960,-1518,FA12,-0.092541797561,0.995708800656,-1516,FA14,16314,3FBA
742,0.475981098954,7798,1E76,0.458210711091,0.888843599426,7507,1D53,14563,38E3
743,1.307131213909,21416,53A8,0.965441260224,0.260620745637,15818,3DCA,4270,10AE
744,-1.000631355172,-16394,BFF6,-0.841811939732,0.539770931160,-13792,CA20,8844,228C
745,0.268070923906,4392,1128,0.264871754148,0.964283648028,4340,10F4,15799,3DB7
746,0.423438684453,6938,1B1A,0.410897860825,0.911681385117,6732,1A4C,14937,3A59
747,-0.025994159051,-426,FE56,-0.025991231790,0.999662170871,-426,FE56,16378,3FFA
748,-1.284149853486,-21040,ADD0,-0.959197433867,0.282737126787,-15715,C29D,4632,1218
749,-0.477644428604,-7826,E16E,-0.459688516465,0.888080214750,-7532,E294,14550,38D6
750,-0.523677125877,-8580,DE7C,-0.500067851797,0.865986225987,-8193,DFFF,14188,376C
751,0.534490183641,8757,2235,0.509402394170,0.860528442768,8346,209A,14099,3713
752,1.123851661314,18413,47ED,0.901771862631,0.432212341062,14775,39B7,7081,1BA9
753,-0.534687560168,-8760,DDC8,-0.509572232362,0.860427881932,-8349,DF63,14097,3711
754,0.608443791380,9969,26F1,0.571591223624,0.820538526260,9365,2495,13444,3484
755,-0.665333418254,-10901,D56B,-0.617321470845,0.786711002614,-10114,D87E,12889,3259
756,1.398616753317,22915,5983,0.985213680811,0.171330099930,16142,3F0E,2807,0AF7
757,0.985096751148,16140,3F0C,0.833325576667,0.552782491830,13653,3555,9057,2361
758,0.157383138716,2579,0A13,0.156734227204,0.987640816301,2568,0A08,16182,3F36
759,-0.141918593669,-2325,F6EB,-0.141442678791,0.989946447348,-2317,F6F3,16219,3F5B
760,-0.582711536401,-9547,DAB5,-0.550290018283,0.834973589868,-9016,DCC8,13680,3570
761,-0.555201774732,-9096,DC78,-0.527114777909,0.849794099126,-8636,DE44,13923,3663
762,1.477128883572,24201,5E89,0.995616411431,0.093530536672,16312,3FB8,1532,05FC
763,-0.301042936957,-4932,ECBC,-0.296516401490,0.955027760668,-4858,ED06,15647,3D1F
764,0.045855479087,751,02EF,0.045839410533,0.998948821733,751,02EF,16367,3FEF
765,1.533471739234,25124,6224,0.999303518444,0.037315921863,16373,3FF5,611,0263
766,0.495304711938,8115,1FB3,0.475299766184,0.879823921171,7787,1E6B,14415,384F
767,0.133811723123,2192,0890,0.133412751124,0.991060562144,2186,088A,16238,3F6E
768,-0.272540794258,-4465,EE8F,-0.269179316654,0.963090076517,-4410,EEC6,15779,3DA3
769,-0.981488392808,-16081,C12F,-0.831325518633,0.555785823920,-13620,CACC,9106,2392
770,-0.434232949864,-7114,E436,-0.420714662673,0.907193018388,-6893,E513,14863,3A0F
771,0.805639928844,13200,3390,0.721274037247,0.692649812815,11817,2E29,11348,2C54
772,0.393983183019,6455,1937,0.383869471460,0.923387366646,6289,1891,15129,3B19
773,0.816784358092,13382,3446,0.728948274253,0.684568779206,11943,2EA7,11216,2BD0
774,-0.931299260616,-15258,C466,-0.802396006215,0.596791964767,-13146,CCA6,9778,2632
775,0.154628056563,2533,09E5,0.154012604216,0.988068883096,2523,09DB,16189,3F3D
776,1.343573603609,22013,55FD,0.974295795810,0.225272506682,15963,3E5B,3691,0E6B
777,-0.194414021096,-3185,F38F,-0.193191628490,0.981161044213,-3165,F3A3,16075,3ECB
778,0.622820835064,10204,27DC,0.583328662702,0.812236216424,9557,2555,13308,33FC
779,-1.189325035349,-19486,B3E2,-0.928117898520,0.372286403789,-15206,C49A,6100,17D4
780,1.486434560655,24354,5F22,0.996443656139,0.084261735926,16326,3FC6,1381,0565
781,0.342030429489,5604,15E4,0.335400600275,0.942075600647,5495,1577,15435,3C4B
782,-0.819021177124,-13419,CB95,-0.730477705856,0.682936542621,-11968,D140,11189,2BB5
783,-1.073236650895,-17584,BB50,-0.878749901345,0.477282527321,-14397,C7C3,7820,1E8C
784,0.159715450915,2617,0A39,0.159037285548,0.987272577258,2606,0A2E,16175,3F2F
785,0.164152642823,2689,0A81,0.163416423450,0.986557181590,2677,0A75,16164,3F24
786,-1.277970984802,-20938,AE36,-0.957432139142,0.288658446850,-15687,C2B9,4729,1279
787,1.546471412801,25337,62F9,0.999704163867,0.024322515217,16379,3FFB,399,018F
788,1.297257472694,21254,5306,0.962820939817,0.270140403957,15775,3D9F,4426,114A
789,-0.121115012428,-1984,F840,-0.120819126611,0.992674538127,-1980,F844,16264,3F88
790,-1.201765535770,-19690,B316,-0.932677388575,0.360711642231,-15281,C44F,5910,1716
791,1.043458554652,17096,42C8,0.864149856317,0.503234563427,14158,374E,8245,2035
792,-0.005103502478,-84,FFAC,-0.005103480324,0.999986977159,-84,FFAC,16384,4000
793,0.680479417679,11149,2B8D,0.629165733851,0.777271174911,10308,2844,12735,31BF
794,0.027872257365,457,01C9,0.027868648685,0.999611593781,457,01C9,16378,3FFA
795,-0.711806679972,-11662,D272,-0.653202823666,0.757182983931,-10702,D632,12406,3076
796,1.051566288404,17229,434D,0.868201501031,0.496211803172,14225,3791,8130,1FC2
797,1.508733009713,24719,608F,0.998074690457,0.062023481602,16352,3FE0,1016,03F8
798,-0.805093102816,-13191,CC79,-0.720895170483,0.693044120655,-11811,D1DD,11355,2C5B
799,0.161053988913,2639,0A4F,0.160358644541,0.987058815432,2627,0A43,16172,3F2C
800,-0.365725325558,-5992,E898,-0.357626744361,0.933864611021,-5859,E91D,15300,3BC4
801,1.325337880609,21714,54D2,0.970026024006,0.243001055041,15893,3E15,3981,0F8D
802,0.025889524487,424,01A8,0.025886632433,0.999664884980,424,01A8,16379,3FFB
803,1.191688576482,19525,4C45,0.928995219546,0.370091721146,15221,3B75,6064,17B0
804,1.143624342910,18737,4931,0.910141030647,0.414298569070,14912,3A40,6788,1A84
805,-0.702939515516,-11517,D303,-0.646463166216,0.762945197721,-10592,D6A0,12500,30D4
806,0.911081290877,14927,3A4F,0.790166915700,0.612891707672,12946,3292,10042,273A
807,-0.267216257303,-4378,EEE6,-0.264047516480,0.964509672860,-4326,EF1A,15803,3DBB
808,1.364231563426,22352,5750,0.978741251607,0.205098908828,16036,3EA4,3360,0D20
809,0.024308625479,398,018E,0.024306231518,0.999704559912,398,018E,16379,3FFB
810,1.007035870072,16499,4073,0.845251622487,0.534368500833,13849,3619,8755,2233
811,-0.682231454765,-11178,D456,-0.630526575424,0.776167660808,-10331,D7A5,12717,31AD
812,-0.632855462466,-10369,D77F,-0.591449645185,0.806341935664,-9690,DA26,13211,339B
813,0.273122910056,4475,117B,0.269739900964,0.962933219818,4419,1143,15777,3DA1
814,1.567347904932,25679,644F,0.999994054199,0.003448415028,16384,4000,56,0038
815,-0.032545810840,-533,FDEB,-0.032540065562,0.999470431845,-533,FDEB,16375,3FF7
816,-1.103970052046,-18087,B959,-0.893001132251,0.450054416486,-14631,C6D9,7374,1CCE
817,0.121204459486,1986,07C2,0.120907917944,0.992663727240,1981,07BD,16264,3F88
818,-0.486557486994,-7972,E0DC,-0.467585663163,0.883947762939,-7661,E213,14483,3893
819,0.163103376063,2672,0A70,0.162381172025,0.986728105899,2660,0A64,16167,3F27
820,0.136439566736,2235,08BB,0.136016639650,0.990706552789,2228,08B4,16232,3F68
821,-0.140289023595,-2298,F706,-0.139829304599,0.990175623602,-2291,F70D,16223,3F5F
822,-0.559902967224,-9173,DC2B,-0.531103983905,0.847306649496,-8702,DE02,13882,363A
823,-0.978127415474,-16026,C166,-0.829452843201,0.558576745762,-13590,CAEA,9152,23C0
824,0.620459609308,10166,27B6,0.581409165270,0.813611321542,9526,2536,13330,3412
825,0.225558944605,3696,0E70,0.223651183159,0.974669250706,3664,0E50,15969,3E61
826,-0.837038262105,-13714,CA6E,-0.742663006954,0.669665332910,-12168,D078,10972,2ADC
827,0.865648498709,14183,3767,0.761515745840,0.648146410032,12477,30BD,10619,297B
828,-1.433674292602,-23489,A43F,-0.990613495149,0.136692732904,-16230,C09A,2240,08C0
829,0.768763906453,12595,3133,0.695247302285,0.718770609211,11391,2C7F,11776,2E00
830,0.644742403340,10563,2943,0.600992573139,0.799254607138,9847,2677,13095,3327
831,0.978319920560,16029,3E9D,0.829560356695,0.558417061522,13592,3518,9149,23BD
832,-0.357894154262,-5864,E918,-0.350302599300,0.936636583166,-5739,E995,15346,3BF2
833,0.514243624183,8425,20E9,0.491876439840,0.870665014762,8059,1F7B,14265,37B9
834,1.007658152108,16509,407D,0.845583986729,0.533842412504,13854,361E,8746,222A
835,1.510534732126,24749,60AD,0.998184819517,0.060225128364,16354,3FE2,987,03DB
836,-0.014675480047,-240,FF10,-0.014674953277,0.999892317075,-240,FF10,16382,3FFE
837,-1.454495787753,-23830,A2EA,-0.993244711693,0.116038539689,-16273,C06F,1901,076D
838,0.007197860426,118,0076,0.007197798274,0.999974095514,118,0076,16384,4000
839,0.283310174217,4642,1222,0.279535389639,0.960135389380,4580,11E4,15731,3D73
840,1.161447788489,19029,4A55,0.917380306892,0.398011774357,15030,3AB6,6521,1979
841,1.175553730173,19260,4B3C,0.922903184037,0.385032093331,15121,3B11,6308,18A4
842,-0.187533572849,-3073,F3FF,-0.186436281086,0.982467054458,-3055,F411,16097,3EE1
843,0.081527743667,1336,0538,0.081437457611,0.996678453915,1334,0536,16330,3FCA
844,-0.135314444808,-2217,F757,-0.134901888127,0.990858960993,-2210,F75E,16234,3F6A
845,0.698827894532,11450,2CBA,0.643320769210,0.765596752803,10540,292C,12544,3100
846,-0.282810506871,-4634,EDE6,-0.279055606462,0.960274944223,-4572,EE24,15733,3D75
847,0.486259878018,7967,1F1F,0.467322571671,0.884086881481,7657,1DE9,14485,3895
848,-1.085856255903,-17791,BA81,-0.884702886971,0.466155340831,-14495,C761,7637,1DD5
849,-0.095848103812,-1570,F9DE,-0.095701414040,0.995410086020,-1568,F9E0,16309,3FB5
850,1.474046678850,24151,5E57,0.995323402458,0.096598781149,16307,3FB3,1583,062F
851,-0.507174841109,-8310,DF8A,-0.485709660060,0.874120201188,-7958,E0EA,14322,37F2
852,0.605399351234,9919,26BF,0.569090498124,0.822274896215,9324,246C,13472,34A0
853,0.470725726982,7712,1E20,0.453533201222,0.891239381642,7431,1D07,14602,390A
854,1.105103258237,18106,46BA,0.893510563216,0.449042173321,14639,392F,7357,1CBD
855,1.106912954511,18136,46D8,0.894321729597,0.447424456160,14653,393D,7331,1CA3
856,1.128906765908,18496,4840,0.903945209965,0.427648287008,14810,39DA,7007,1B5F
857,-0.376961595243,-6176,E7E0,-0.368097102558,0.929787353693,-6031,E871,15234,3B82
858,-0.575975971920,-9437,DB23,-0.544653559670,0.838661135346,-8924,DD24,13741,35AD
859,0.687121056293,11258,2BFA,0.634314173518,0.773075371017,10393,2899,12666,317A
860,0.814934818533,13352,3428,0.727680891145,0.685915826222,11922,2E92,11238,2BE6
861,1.169875751781,19167,4ADF,0.920702114977,0.390266082918,15085,3AED,6394,18FA
862,-1.458015978474,-23888,A2B0,-0.993647034630,0.112541417133,-16280,C068,1844,0734
863,-1.355846210096,-22214,A93A,-0.976987035465,0.213298693228,-16007,C179,3495,0DA7
864,0.412054486988,6751,1A5F,0.400492698208,0.916299950170,6562,19A2,15013,3AA5
865,1.322387764410,21666,54A2,0.969304922542,0.245861682935,15881,3E09,4028,0FBC
866,1.562709625264,25603,6403,0.999967302807,0.008086613393,16383,3FFF,132,0084
867,0.775239404897,12702,319E,0.699887091187,0.714253498129,11467,2CCB,11702,2DB6
868,-0.207434738734,-3399,F2B9,-0.205950311883,0.978562450248,-3374,F2D2,16033,3EA1
869,-1.261528124153,-20669,AF43,-0.952556555970,0.304361639632,-15607,C309,4987,137B
870,0.420181196331,6884,1AE4,0.407925894731,0.913015040625,6683,1A1B,14959,3A6F
871,1.170492180039,19177,4AE9,0.920942511078,0.389698462006,15089,3AF1,6385,18F1
872,-0.176939048339,-2899,F4AD,-0.176017241442,0.984387083781,-2884,F4BC,16128,3F00
873,0.609472627819,9986,2702,0.572435120894,0.819950018212,9379,24A3,13434,347A
874,1.267394069619,20765,511D,0.954325526148,0.298768790442,15636,3D14,4895,131F
875,-1.426311437467,-23369,A4B7,-0.989580204184,0.143982705511,-16213,C0AB,2359,0937
876,0.930362134562,15243,3B8B,0.801836384664,0.597543648807,13137,3351,9790,263E
877,-0.649154277023,-10636,D674,-0.604512923027,0.796595333839,-9904,D950,13051,32FB
878,-0.393198312893,-6442,E6D6,-0.383144614140,0.923688369882,-6277,E77B,15134,3B1E
879,-1.113475326041,-18243,B8BD,-0.897238617248,0.441545992756,-14700,C694,7234,1C42
880,0.097911876136,1604,0644,0.097755508564,0.995210460428,1602,0642,16306,3FB2
881,0.207119114981,3393,0D41,0.205641444077,0.978627404316,3369,0D29,16034,3EA2
882,0.918977030176,15057,3AD1,0.794981468120,0.606633715965,13025,32E1,9939,26D3
883,-1.036776943652,-16987,BDA5,-0.860768174291,0.508997200510,-14103,C8E9,8339,2093
884,-1.322709936495,-21671,AB59,-0.969384082007,0.245549387193,-15882,C1F6,4023,0FB7
885,1.165026958763,19088,4A90,0.918798979737,0.394725771688,15054,3ACE,6467,1943
886,0.376081214356,6162,1812,0.367278392998,0.930111058980,6017,1781,15239,3B87
887,-0.814207221934,-13340,CBE4,-0.727181628551,0.686445102756,-11914,D176,11247,2BEF
888,1.296940603928,21249,5301,0.962735292426,0.270445478272,15773,3D9D,4431,114F
889,-1.121178748641,-18369,B83F,-0.900613376827,0.434621151671,-14756,C65C,7121,1BD1
890,-0.122051146795,-2000,F830,-0.121748350286,0.992561000243,-1995,F835,16262,3F86
891,-0.772902983115,-12663,CE89,-0.698216384980,0.715886778580,-11440,D350,11729,2DD1
892,-0.768663816177,-12594,CECE,-0.695175356854,0.718840193105,-11390,D382,11777,2E01
893,-1.541273425174,-25252,9D5C,-0.999564230793,0.029518613106,-16377,C007,484,01E4
894,0.957033036666,15680,3D40,0.817486352411,0.575947969544,13394,3452,9436,24DC
895,1.260436577729,20651,50AB,0.952223763703,0.305401217808,15601,3CF1,5004,138C
896,0.557981053710,9142,23B6,0.529474553924,0.848325819922,8675,21E3,13899,364B
897,-1.074501273048,-17605,BB3B,-0.879352780562,0.476170859374,-14407,C7B9,7802,1E7A
898,-0.183061283753,-2999,F449,-0.182040554551,0.983291023298,-2983,F459,16110,3EEE
899,-0.485169899711,-7949,E0F3,-0.466358658738,0.884595727675,-7641,E227,14493,389D
900,0.275114625487,4507,119B,0.271657253629,0.962394065106,4451,1163,15768,3D98
901,0.436488806634,7151,1BEF,0.422760087965,0.906241638871,6927,1B0F,14848,3A00
902,-0.237790482874,-3896,F0C8,-0.235555860055,0.971860811430,-3859,F0ED,15923,3E33
903,-0.785089582320,-12863,CDC1,-0.706888547751,0.707324947289,-11582,D2C2,11589,2D45
904,1.084804274484,17773,456D,0.884212010770,0.467085773719,14487,3897,7653,1DE5
905,-0.944937665924,-15482,C386,-0.810460420472,0.585793399458,-13279,CC21,9598,257E
906,-0.362246841953,-5935,E8D1,-0.354376154561,0.935102957475,-5806,E952,15321,3BD9
907,-0.052753432016,-864,FCA0,-0.052728967283,0.998608860370,-864,FCA0,16361,3FE9
908,-0.825592636230,-13527,CB29,-0.734949790672,0.678121526861,-12041,D0F7,11110,2B66
909,0.225951801915,3702,0E76,0.224034071831,0.974581312492,3671,0E57,15968,3E60
910,0.235028610250,3851,0F0B,0.232870809296,0.972507679239,3815,0EE7,15934,3E3E
911,1.547837704740,25360,6310,0.999736462413,0.022956605199,16380,3FFC,376,0178
912,-0.643301559281,-10540,D6D4,-0.599840348446,0.800119713778,-9828,D99C,13109,3335
913,1.501506881570,24601,6019,0.997600446647,0.069234015113,16345,3FD9,1134,046E
914,0.497093627300,8144,1FD0,0.476872935343,0.878972242757,7813,1E85,14401,3841
915,-0.708490780872,-11608,D2A8,-0.650688494853,0.759344771936,-10661,D65B,12441,3099
916,0.207122115326,3393,0D41,0.205644380297,0.978626787316,3369,0D29,16034,3EA2
917,0.583706321414,9563,255B,0.551120365077,0.834425756552,9030,2346,13671,3567
918,0.768649833967,12594,3132,0.695165305812,0.718849913122,11390,2C7E,11778,2E02
919,-1.416719268856,-23212,A554,-0.988153593836,0.153468156270,-16190,C0C2,2514,09D2
920,0.334285856943,5477,1565,0.328094642030,0.944644857008,5376,1500,15477,3C75
921,-0.010281532614,-168,FF58,-0.010281351472,0.999947145509,-168,FF58,16383,3FFF
922,1.269691292781,20803,5143,0.955009346031,0.296575705332,15647,3D1F,4859,12FB
923,-0.671690883070,-11005,D503,-0.622310449464,0.782770531182,-10196,D82C,12825,3219
924,0.938896755896,15383,3C17,0.806906928917,0.590678599634,13220,33A4,9678,25CE
925,0.336354611689,5511,1587,0.330048177087,0.943964088725,5408,1520,15466,3C6A
926,-0.463947400237,-7601,E24F,-0.447481716833,0.894293080092,-7332,E35C,14652,393C
927,0.429197721892,7032,1B78,0.416141425026,0.909299903430,6818,1AA2,14898,3A32
928,0.379790789974,6222,184E,0.370726175345,0.928742215534,6074,17BA,15217,3B71
929,0.558463517281,9150,23BE,0.529883778589,0.848070269015,8682,21EA,13895,3647
930,0.694066965118,11372,2C6C,0.639668539995,0.768650869342,10480,28F0,12594,3132
931,0.500083557646,8193,2001,0.479498865664,0.877542499157,7856,1EB0,14378,382A
932,1.062917401086,17415,4407,0.873778003858,0.486324994189,14316,37EC,7968,1F20
933,0.402903300380,6601,19C9,0.392090814053,0.919926515291,6424,1918,15072,3AE0
934,1.267330113147,20764,511C,0.954306415998,0.298829825126,15635,3D13,4896,1320
935,0.459742581812,7532,1D6C,0.443717432049,0.896166748153,7270,1C66,14683,395B
936,-0.600255048117,-9835,D995,-0.564852955322,0.825191577068,-9255,DBD9,13520,34D0
937,-0.185909431047,-3046,F41A,-0.184840370081,0.982768557489,-3028,F42C,16102,3EE6
938,0.249988482364,4096,1000,0.247392799657,0.968915271155,4053,0FD5,15875,3E03
939,0.729979739948,11960,2EB8,0.666854537594,0.745187913006,10926,2AAE,12209,2FB1
940,-1.287633975707,-21097,AD97,-0.960176700685,0.279393456368,-15732,C28C,4578,11E2
941,-0.643679499959,-10546,D6CE,-0.600142703385,0.799892952572,-9833,D997,13105,3331
942,0.777484067194,12738,31C2,0.701488584546,0.712680689897,11493,2CE5,11677,2D9D
943,-1.019006771811,-16695,BEC9,-0.851587779916,0.524212030669,-13952,C980,8589,218D
944,-1.155604077094,-18933,B60B,-0.915038790440,0.403365853773,-14992,C570,6609,19D1
945,0.123803126120,2028,07EC,0.123487108898,0.992346176461,2023,07E7,16259,3F83
946,1.481228204578,24268,5ECC,0.995991456678,0.089448410971,16318,3FBE,1466,05BA
947,0.096925590570,1588,0634,0.096773899466,0.995306391209,1586,0632,16307,3FB3
948,1.299007641387,21283,5323,0.963292256250,0.268454892019,15783,3DA7,4398,112E
949,1.038210353846,17010,4272,0.861496891522,0.507762844148,14115,3723,8319,207F
950,-0.763500996939,-12509,CF23,-0.691454866537,0.722419661652,-11329,D3BF,11836,2E3C
951,1.020043129779,16712,4148,0.852130593814,0.523329199534,13961,3689,8574,217E
952,-0.057026724315,-934,FC5A,-0.056995820407,0.998374416968,-934,FC5A,16357,3FE5
953,0.962862000512,15776,3DA0,0.820829625538,0.571173113722,13448,3488,9358,248E
954,0.774589044887,12691,3193,0.699422421292,0.714708525620,11459,2CC3,11710,2DBE
955,-0.506690973792,-8302,DF92,-0.485286645021,0.874355117881,-7951,E0F1,14325,37F5
956,-1.208980019955,-19808,B2A0,-0.935255442183,0.353973527072,-15323,C425,5800,16A8
957,1.454222168273,23826,5D12,0.993212924108,0.116310306444,16273,3F91,1906,0772
958,-1.128595122511,-18491,B7C5,-0.903811892306,0.427929974793,-14808,C628,7011,1B63
959,1.465553630946,24012,5DCC,0.994467097196,0.105048524956,16293,3FA5,1721,06B9
960,1.131415053477,18537,4869,0.905015030135,0.425379589578,14828,39EC,6969,1B39
961,0.704397575469,11541,2D15,0.647574898490,0.762001805014,10610,2972,12485,30C5
962,1.507783024071,24704,6080,0.998015318681,0.062971610097,16351,3FDF,1032,0408
963,1.467971205363,24051,5DF3,0.994718153412,0.102644022100,16297,3FA9,1682,0692
964,0.956890304829,15678,3D3E,0.817404137973,0.576064645005,13392,3450,9438,24DE
965,-0.421680118716,-6909,E503,-0.409293974643,0.912402565933,-6706,E5CE,14949,3A65
966,0.913204337050,14962,3A72,0.791466331349,0.611212766835,12967,32A7,10014,271E
967,-1.527069582182,-25020,9E44,-0.999044138220,0.043712811484,-16368,C010,716,02CC
968,0.114895294983,1882,075A,0.114642674347,0.993406793423,1878,0756,16276,3F94
969,-0.142043883111,-2327,F6E9,-0.141566707518,0.989928718304,-2319,F6F1,16219,3F5B
970,0.542956374826,8896,22C0,0.516669449502,0.856184956625,8465,2111,14028,36CC
971,0.541424582872,8871,22A7,0.515357346633,0.856975381952,8444,20FC,14041,36D9
972,0.265653362721,4352,1100,0.262539767665,0.964921173151,4301,10CD,15809,3DC1
973,1.012903824924,16595,40D3,0.848372702542,0.529399431037,13900,364C,8674,21E2
974,1.383217772650,22663,5887,0.982458667318,0.186480473538,16097,3EE1,3055,0BEF
975,-1.230417008081,-20159,B141,-0.942628099813,0.333844672628,-15444,C3AC,5470,155E
976,-0.836223156559,-13701,CA7B,-0.742116912376,0.670270459117,-12159,D081,10982,2AE6
977,-1.492179071307,-24448,A080,-0.996911254938,0.078536295922,-16333,C033,1287,0507
978,1.207109366980,19777,4D41,0.934591644548,0.355722445089,15312,3BD0,5828,16C4
979,0.192916980952,3161,0C59,0.191722575085,0.981449160274,3141,0C45,16080,3ED0
980,1.304564912267,21374,537E,0.964769250361,0.263097498198,15807,3DBF,4311,10D7
981,-0.875350757297,-14342,C7FA,-0.767768289341,0.640727597254,-12579,CEDD,10498,2902
982,-1.372194134704,-22482,A82E,-0.980343321853,0.197299192340,-16062,C142,3233,0CA1
983,1.017421592754,16669,411D,0.850755740400,0.525561290600,13939,3673,8611,21A3
984,1.286129197356,21072,5250,0.959755188528,0.280837992612,15725,3D6D,4601,11F9
985,-0.621437894507,-10182,D83A,-0.582204830839,0.813042148322,-9539,DABD,13321,3409
986,-0.288097065737,-4720,ED90,-0.284128233363,0.958786288495,-4655,EDD1,15709,3D5D
987,-1.131673891161,-18541,B793,-0.905125104086,0.425145323336,-14830,C612,6966,1B36
988,1.401971953282,22970,59BA,0.985782981027,0.168023552864,16151,3F17,2753,0AC1
989,-0.614606784569,-10070,D8AA,-0.576637309767,0.817000252745,-9448,DB18,13386,344A
990,-0.023170442835,-380,FE84,-0.023168369641,0.999731577299,-380,FE84,16380,3FFC
991,-1.265458657937,-20733,AF03,-0.953745498537,0.300615242495,-15626,C2F6,4925,133D
992,1.216610998707,19933,4DDD,0.937929349742,0.346826375716,15367,3C07,5682,1632
993,-1.144595148023,-18753,B6BF,-0.910542804866,0.413414804412,-14918,C5BA,6773,1A75
994,-0.145632432806,-2386,F6AE,-0.145118196769,0.989414326239,-2378,F6B6,16211,3F53
995,0.535598252678,8775,2247,0.510355606172,0.859963461578,8362,20AA,14090,370A
996,0.763847219570,12515,30E3,0.691704943126,0.722180221035,11333,2C45,11832,2E38
997,1.401068911576,22955,59AB,0.985630846827,0.168913687377,16149,3F15,2767,0ACF
998,-0.254070797344,-4163,EFBD,-0.251346144563,0.967897265010,-4118,EFEA,15858,3DF2
999,0.761110556979,12470,30B6,0.689725991800,0.724070477396,11300,2C24,11863,2E57
1000,-1.085348311773,-17782,BA8A,-0.884465991982,0.466604660314,-14491,C765,7645,1DDD
1001,-0.267398143311,-4381,EEE3,-0.264222942925,0.964461630358,-4329,EF17,15802,3DBA
1002,-1.259710686642,-20639,AF61,-0.952001824829,0.306092348030,-15598,C312,5015,1397
1003,-0.033467267819,-548,FDDC,-0.033461020622,0.999440023262,-548,FDDC,16375,3FF7
1004,-0.288662458474,-4729,ED87,-0.284670278724,0.958625491217,-4664,EDC8,15706,3D5A
1005,1.418496707075,23241,5AC9,0.988424812929,0.151711532806,16194,3F42,2486,09B6
1006,-1.468015080358,-24052,A20C,-0.994722655961,0.102600378746,-16298,C056,1681,0691
1007,-0.406742130500,-6664,E5F8,-0.395619357952,0.918414570667,-6482,E6AE,15047,3AC7
1008,-0.177867280901,-2914,F49E,-0.176930905625,0.984223274788,-2899,F4AD,16126,3EFE
1009,1.415460811642,23191,5A97,0.987959678302,0.154711583435,16187,3F3B,2535,09E7
1010,1.116679716007,18296,4778,0.898648893904,0.438668628334,14723,3983,7187,1C13
