index,angle_q214_signed,sin_q214_signed,cos_q214_signed,cycle
0,0,4,16383,19
1,4289,4240,15826,21
2,-4289,-4240,15825,23
3,8579,8189,14191,24
4,-8579,-8190,14192,26
5,12868,11585,11586,28
6,-12868,-11586,11586,29
7,17157,14191,8189,31
8,-17157,-14191,8190,32
9,25736,16383,2,34
10,-25736,-16384,-2,36
11,7177,6946,14841,38
12,-24449,-16329,1285,39
13,-11580,-10640,12462,40
14,-14247,-12519,10567,41
15,12172,11082,12067,42
16,9095,8630,13925,43
17,20186,15453,5441,44
18,-21261,-15775,4419,45
19,-4019,-3980,15894,48
20,-24202,-16311,1531,49
21,-14482,-12670,10392,50
22,276,284,16378,51
23,-24370,-16325,1363,52
24,-15501,-13291,9586,54
25,7715,7432,14601,55
26,2313,2309,16219,56
27,-14389,-12609,10459,57
28,4595,4536,15742,60
29,15927,13532,9235,61
30,-25401,-16378,335,63
31,15741,13428,9385,64
32,10199,9553,13311,65
33,-8223,-7878,14363,67
34,-17733,-14470,7690,69
35,23534,16236,2196,70
36,-8411,-8046,14273,71
37,-20962,-15691,4707,72
38,-20758,-15632,4901,73
39,17886,14540,7553,76
40,5339,5247,15518,77
41,15808,13466,9331,78
42,11825,10822,12302,79
43,1865,1864,16276,81
44,24352,16321,1386,83
45,-6252,-6103,15209,84
46,2679,2667,16165,85
47,16955,14088,8361,86
48,6100,5961,15258,88
49,18618,14865,6891,90
50,3981,3940,15903,92
51,10530,9817,13113,93
52,-23377,-16213,2350,96
53,-14006,-12362,10751,98
54,-10841,-10069,12927,99
55,-21629,-15872,4067,101
56,-13754,-12194,10941,102
57,-20537,-15567,5114,103
58,-11428,-10523,12560,104
59,6984,6771,14919,105
60,-6957,-6748,14928,106
61,-6682,-6496,15041,108
62,-14952,-12961,10021,109
63,-11994,-10948,12185,110
64,22475,16063,3237,111
65,7620,7348,14643,114
66,5617,5503,15431,116
67,-16927,-14073,8389,118
68,11794,10802,12320,119
69,-17325,-14270,8044,120
70,-6205,-6054,15223,122
71,25197,16374,540,124
72,7206,6974,14827,125
73,2931,2917,16120,126
74,9502,8980,13703,127
75,17647,14426,7763,129
76,14206,12495,10599,130
77,-13946,-12322,10797,132
78,-24084,-16299,1649,134
79,-9499,-8976,13705,135
80,-11955,-10920,12213,138
81,-14876,-12914,10080,140
82,22797,16120,2923,141
83,19372,15163,6206,142
84,-9539,-9012,13686,143
85,8001,7687,14470,144
86,-5372,-5278,15513,145
87,21338,15797,4342,147
88,-2118,-2114,16247,149
89,-12102,-11030,12114,150
90,-13042,-11708,11460,151
91,3159,3137,16081,152
92,-12212,-11108,12038,153
93,4354,4306,15807,154
94,20477,15547,5165,155
95,-5178,-5087,15568,156
96,-14447,-12648,10420,159
97,25609,16383,128,160
98,490,488,16376,161
99,-21057,-15720,4617,163
100,-23311,-16203,2416,165
101,-20092,-15421,5532,167
102,6560,6385,15090,168
103,15034,13011,9956,169
104,-4007,-3970,15898,170
105,-22466,-16059,3250,171
106,-6093,-5950,15265,172
107,25536,16383,198,174
108,1499,1496,16315,175
109,24247,16315,1490,176
110,18570,14845,6936,177
111,-25145,-16372,591,180
112,11361,10471,12601,181
113,9353,8856,13781,182
114,1903,1900,16270,185
115,-12002,-10956,12181,186
116,7256,7026,14798,187
117,-19994,-15387,5622,188
118,-3358,-3331,16039,189
119,-2382,-2373,16212,191
120,23359,16211,2371,193
121,19346,15153,6228,194
122,-12179,-11086,12062,196
123,30,32,16383,198
124,-16540,-13872,8721,199
125,21239,15769,4440,200
126,19071,15048,6479,201
127,-10374,-9697,13209,202
128,7152,6924,14851,204
129,5609,5497,15433,205
130,-17869,-14532,7568,207
131,13512,12031,11122,208
132,2027,2026,16256,209
133,14341,12579,10499,210
134,1562,1562,16309,212
135,-25706,-16383,29,213
136,-9051,-8597,13948,214
137,-24733,-16355,1003,215
138,22087,15976,3620,216
139,19494,15208,6090,217
140,17071,14146,8267,218
141,-9908,-9315,13474,219
142,-22754,-16112,2966,220
143,19457,15196,6126,221
144,23005,16157,2719,222
145,-21327,-15793,4355,223
146,-721,-716,16367,225
147,-22173,-15995,3533,226
148,13414,11969,11190,228
149,13683,12150,10992,229
150,-19127,-15072,6434,230
151,-1272,-1274,16336,231
152,2563,2555,16183,232
153,-12093,-11026,12122,233
154,19170,15086,6391,234
155,-3956,-3918,15908,235
156,-14834,-12890,10116,237
157,2023,2022,16256,238
158,11835,10838,12290,239
159,-15382,-13218,9676,241
160,-9691,-9136,13598,244
161,25486,16378,256,245
162,7715,7432,14601,246
163,-3186,-3167,16076,247
164,905,906,16357,248
165,-19508,-15210,6075,249
166,-14170,-12469,10627,250
167,-8334,-7976,14311,251
168,4545,4486,15757,252
169,-13891,-12286,10839,254
170,-14401,-12617,10449,255
171,-22082,-15977,3623,258
172,6748,6559,15012,259
173,-13952,-12328,10793,260
174,20868,15666,4796,261
175,18511,14821,6988,262
176,-22089,-15977,3617,264
177,-13485,-12013,11141,265
178,8698,8293,14130,266
179,-14709,-12814,10216,267
180,-18926,-14988,6614,268
181,22417,16046,3300,269
182,3657,3626,15976,270
183,-1407,-1406,16324,271
184,14650,12774,10259,273
185,15827,13476,9317,274
186,-15935,-13536,9226,275
187,-20747,-15630,4913,276
188,-3549,-3517,15999,277
189,-3934,-3892,15912,279
190,-1697,-1700,16300,281
191,11791,10798,12322,282
192,8923,8486,14015,283
193,24921,16363,814,284
194,-20670,-15608,4987,285
195,-5012,-4932,15621,286
196,-8271,-7920,14339,288
197,18616,14865,6893,289
198,-12937,-11634,11536,291
199,-15946,-13542,9214,292
200,-2645,-2633,16172,293
201,-4021,-3980,15892,294
202,-11399,-10501,12580,295
203,-12878,-11589,11575,296
204,21786,15909,3910,297
205,-2927,-2911,16123,298
206,18599,14857,6910,300
207,2590,2577,16181,301
208,-23132,-16177,2592,302
209,25699,16383,40,303
210,17296,14258,8067,306
211,24140,16305,1594,307
212,21946,15948,3752,308
213,17948,14568,7497,309
214,-17176,-14196,8172,310
215,-739,-732,16365,311
216,-14734,-12830,10196,312
217,-5094,-5009,15596,313
218,-22718,-16108,3002,314
219,-6229,-6083,15219,316
220,24980,16368,748,317
221,-12085,-11014,12125,319
222,14622,12758,10279,321
223,-2316,-2309,16222,322
224,-3963,-3924,15908,324
225,23539,16236,2192,325
226,25500,16383,230,326
227,2870,2857,16132,327
228,11242,10377,12678,328
229,-17768,-14484,7656,330
230,-10464,-9767,13154,331
231,24125,16303,1610,332
232,4076,4036,15878,334
233,2172,2168,16240,335
234,12764,11511,11658,336
235,-22794,-16120,2926,337
236,4333,4282,15813,338
237,147,144,16383,339
238,18155,14661,7312,340
239,-17633,-14422,7776,341
240,23717,16256,2020,342
241,-21612,-15870,4083,343
242,-16171,-13666,9029,344
243,4892,4816,15660,345
244,9019,8566,13967,347
245,-13630,-12109,11031,349
246,-19565,-15234,6026,350
247,20089,15421,5533,351
248,-13063,-11722,11446,352
249,4865,4794,15666,353
250,6145,5997,15246,354
251,-4158,-4110,15856,359
252,4307,4256,15822,364
253,1173,1174,16342,366
254,22375,16036,3342,368
255,-15222,-13123,9806,371
256,11128,10291,12748,372
257,-13450,-11989,11167,373
258,-5364,-5272,15517,375
259,8837,8412,14059,377
260,-10295,-9629,13251,378
261,-9462,-8948,13727,379
262,12964,11654,11515,380
263,-22002,-15960,3701,381
264,-2147,-2146,16247,383
265,25656,16383,78,384
266,25535,16383,200,386
267,-21965,-15952,3739,387
268,-14764,-12844,10168,388
269,-12086,-11014,12123,394
270,22301,16022,3412,395
271,19604,15248,5989,396
272,19522,15222,6061,397
273,-6716,-6528,15027,398
274,-17616,-14412,7790,400
275,17178,14202,8171,402
276,10477,9777,13145,403
277,5748,5633,15383,405
278,25079,16370,656,408
279,7925,7619,14504,409
280,-25333,-16376,403,410
281,16322,13749,8908,411
282,-10326,-9659,13237,412
283,8410,8045,14270,413
284,22593,16083,3123,414
285,-18824,-14949,6708,416
286,-19795,-15317,5810,417
287,-20227,-15465,5404,419
288,2740,2729,16155,420
289,-11718,-10742,12371,421
290,5396,5301,15500,422
291,11201,10347,12702,424
292,-15256,-13143,9778,425
293,6909,6703,14949,427
294,-12148,-11062,12082,428
295,-590,-588,16373,429
296,20863,15664,4800,430
297,17815,14504,7617,433
298,-20985,-15699,4687,434
299,-3934,-3892,15912,435
300,-11495,-10575,12516,436
301,-25553,-16383,183,437
302,13955,12330,10790,438
303,7057,6835,14891,439
304,-12253,-11142,12012,441
305,12417,11263,11901,442
306,2660,2653,16167,444
307,-3722,-3689,15961,445
308,-25238,-16376,497,447
309,-21863,-15925,3837,449
310,19719,15292,5879,450
311,20791,15644,4868,451
312,2347,2341,16215,452
313,17222,14222,8131,454
314,4247,4200,15836,456
315,-18113,-14643,7351,457
316,-19176,-15090,6386,458
317,-9869,-9287,13502,459
318,20536,15567,5111,460
319,15242,13133,9791,461
320,18566,14845,6938,462
321,20533,15567,5113,464
322,-14923,-12940,10042,465
323,-12892,-11604,11568,466
324,-20445,-15534,5198,467
325,14418,12630,10435,468
326,19772,15311,5829,469
327,-4819,-4748,15678,471
328,6211,6061,15222,472
329,-17781,-14490,7644,473
330,22127,15988,3578,475
331,18767,14925,6757,477
332,24511,16340,1222,480
333,15996,13572,9174,481
334,19632,15258,5963,484
335,-24460,-16331,1273,486
336,12176,11084,12065,487
337,-8638,-8240,14157,490
338,22175,15996,3534,491
339,15557,13321,9537,493
340,18739,14911,6785,494
341,15995,13570,9178,496
342,-12003,-10958,12183,497
343,14792,12862,10147,498
344,-20172,-15447,5456,499
345,19156,15080,6405,500
346,18457,14792,7042,501
347,-14287,-12547,10541,502
348,16295,13735,8930,504
349,-2043,-2040,16259,505
350,-10027,-9413,13406,506
351,15202,13111,9821,507
352,-14021,-12372,10739,508
353,-24518,-16340,1217,509
354,-15795,-13458,9342,510
355,-8840,-8413,14056,511
356,18754,14919,6769,512
357,24032,16293,1702,513
358,-11369,-10477,12598,514
359,7282,7048,14788,515
360,-5164,-5075,15574,516
361,24766,16355,968,517
362,1864,1864,16276,518
363,22608,16087,3107,519
364,-19799,-15321,5808,520
365,24212,16311,1526,521
366,-16545,-13876,8717,523
367,23807,16268,1928,524
368,-12072,-11006,12133,525
369,-20156,-15443,5472,526
370,-3368,-3347,16041,528
371,11764,10778,12342,532
372,-9590,-9054,13656,534
373,5467,5367,15477,535
374,588,590,16372,537
375,-5909,-5782,15332,538
376,3942,3908,15909,540
377,-12625,-11411,11755,541
378,10747,9988,12987,542
379,-25649,-16383,87,543
380,21905,15937,3798,544
381,1979,1974,16264,545
382,11294,10417,12644,548
383,12454,11289,11875,549
384,8783,8361,14088,550
385,-6989,-6776,14914,551
386,-22134,-15987,3571,553
387,8454,8079,14252,554
388,-8740,-8328,14107,555
389,-9578,-9044,13662,556
390,17913,14554,7527,558
391,11311,10429,12634,559
392,-10278,-9617,13261,560
393,-9816,-9241,13530,563
394,-4715,-4650,15710,565
395,-5024,-4946,15619,568
396,-10518,-9811,13120,569
397,-19184,-15092,6378,572
398,-4095,-4058,15877,574
399,22666,16098,3051,575
400,9127,8658,13909,577
401,20733,15626,4924,578
402,5946,5815,15315,579
403,-10245,-9593,13283,581
404,2467,2461,16197,583
405,-25715,-16383,21,585
406,-10968,-10167,12847,586
407,-3609,-3579,15989,588
408,4117,4074,15870,589
409,7963,7651,14488,590
410,-1802,-1802,16287,591
411,-2977,-2965,16117,592
412,-14736,-12830,10194,593
413,-1380,-1384,16328,594
414,20650,15604,4998,596
415,15237,13131,9793,597
416,-17002,-14112,8326,600
417,-21371,-15805,4313,601
418,795,796,16363,602
419,6843,6645,14976,603
420,-8483,-8106,14237,605
421,16390,13785,8850,606
422,12927,11630,11539,607
423,8894,8460,14031,609
424,-14173,-12471,10625,611
425,-15486,-13281,9596,613
426,-24479,-16338,1257,614
427,-13133,-11768,11394,615
428,-1280,-1280,16334,616
429,18002,14593,7448,617
430,-21987,-15954,3717,619
431,-4404,-4350,15796,621
432,6679,6495,15042,624
433,-15728,-13420,9398,626
434,10107,9475,13365,628
435,-289,-290,16383,629
436,-13178,-11802,11364,630
437,8033,7715,14452,632
438,-25451,-16378,285,633
439,12918,11624,11545,634
440,13900,12290,10838,638
441,-20250,-15473,5380,640
442,-3853,-3816,15934,641
443,-16683,-13945,8599,642
444,23572,16240,2160,643
445,924,926,16357,644
446,-23151,-16181,2574,645
447,-12909,-11614,11556,646
448,17930,14560,7513,647
449,-2241,-2238,16233,649
450,15514,13297,9571,651
451,8626,8231,14166,653
452,25113,16372,620,654
453,4913,4838,15652,655
454,23164,16183,2561,656
455,20147,15437,5481,658
456,5798,5679,15367,659
457,11286,10411,12650,660
458,246,254,16378,661
459,17015,14118,8315,662
460,2464,2461,16197,663
461,20445,15534,5201,665
462,12541,11353,11814,666
463,-1304,-1304,16332,668
464,-12395,-11247,11917,670
465,-13010,-11686,11484,671
466,7086,6865,14877,672
467,13682,12150,10992,673
468,1096,1096,16348,674
469,6524,6353,15102,675
470,-11602,-10654,12444,676
471,-21748,-15901,3949,677
472,-11029,-10217,12811,678
473,-11750,-10766,12349,679
474,-9280,-8787,13821,680
475,2067,2064,16253,681
476,-18614,-14859,6899,682
477,-13832,-12246,10883,683
478,9983,9377,13434,684
479,10625,9896,13055,686
480,-22430,-16048,3281,687
481,-4756,-4688,15696,688
482,2193,2190,16236,689
483,-4335,-4288,15818,693
484,-15090,-13045,9913,694
485,-4110,-4066,15869,695
486,20838,15656,4824,696
487,4328,4280,15813,697
488,10064,9443,13387,698
489,18362,14754,7126,700
490,13671,12142,11002,702
491,-6157,-6010,15241,703
492,-25432,-16378,303,704
493,-7630,-7355,14638,705
494,13047,11712,11455,706
495,18193,14677,7278,707
496,23339,16209,2387,711
497,-4168,-4124,15856,713
498,12740,11493,11676,714
499,2375,2367,16211,715
500,5315,5225,15526,716
501,-14384,-12607,10463,719
502,-14442,-12644,10420,720
503,-3303,-3285,16057,721
504,-24242,-16315,1491,722
505,-8435,-8066,14261,723
506,9221,8738,13860,724
507,-4925,-4846,15647,727
508,-17241,-14234,8118,728
509,-1678,-1676,16298,729
510,-19167,-15086,6396,730
511,6293,6140,15190,731
512,-24348,-16321,1385,732
513,-5455,-5354,15485,733
514,3314,3296,16046,735
515,-24341,-16321,1393,736
516,7348,7106,14762,737
517,-18751,-14919,6778,738
518,-1971,-1968,16267,740
519,-23148,-16181,2576,741
520,-6223,-6070,15217,743
521,-14841,-12894,10110,745
522,-8913,-8481,14024,746
523,13446,11989,11168,747
524,-6222,-6068,15215,748
525,12971,11658,11511,751
526,17085,14154,8249,753
527,-12751,-11501,11667,755
528,-21520,-15844,4171,756
529,-24738,-16355,997,757
530,2029,2028,16256,759
531,25731,16383,10,761
532,-7723,-7439,14598,762
533,7728,7446,14593,767
534,14476,12668,10389,768
535,7811,7519,14556,770
536,13086,11740,11427,773
537,23142,16177,2587,774
538,-15474,-13275,9606,775
539,-24687,-16350,1049,776
540,-17893,-14542,7546,777
541,-19239,-15114,6328,778
542,8722,8315,14118,781
543,3293,3267,16057,782
544,-14517,-12692,10364,785
545,10267,9605,13273,788
546,13738,12186,10954,790
547,-17100,-14160,8240,792
548,5520,5413,15463,793
549,12761,11505,11664,794
550,-19841,-15335,5768,796
551,16435,13809,8814,797
552,23920,16282,1812,798
553,-20172,-15447,5456,799
554,-24414,-16327,1319,800
555,-9679,-9128,13608,803
556,9128,8662,13907,804
557,23583,16242,2152,806
558,-5319,-5228,15531,808
559,11067,10241,12792,809
560,-21824,-15919,3875,810
561,9811,9235,13532,811
562,6549,6377,15092,812
563,-20491,-15553,5156,813
564,14025,12374,10738,814
565,18030,14605,7424,815
566,5168,5081,15575,816
567,-19505,-15210,6079,820
568,24904,16361,832,822
569,14548,12712,10333,823
570,-7865,-7568,14535,824
571,-3687,-3659,15973,828
572,-6662,-6478,15047,829
573,307,306,16378,830
574,-8172,-7834,14387,831
575,17993,14591,7454,832
576,16591,13899,8676,833
577,-20304,-15490,5332,834
578,23718,16256,2020,835
579,6979,6769,14919,836
580,16919,14069,8398,837
581,10671,9930,13031,838
582,-3321,-3299,16051,839
583,12034,10982,12160,840
584,23959,16284,1780,841
585,-11834,-10828,12289,843
586,15864,13498,9285,844
587,1965,1962,16264,845
588,-849,-846,16362,847
589,-3316,-3295,16051,848
590,11891,10874,12256,849
591,-11921,-10896,12235,850
592,18103,14635,7362,852
593,17023,14122,8305,853
594,-21275,-15779,4405,854
595,19643,15266,5949,855
596,-13184,-11808,11360,857
597,-1817,-1816,16287,858
598,5679,5563,15411,859
599,-6229,-6083,15219,860
600,-24259,-16315,1475,861
601,18064,14621,7392,862
602,-16376,-13777,8857,863
603,-14818,-12880,10128,864
604,15330,13188,9719,865
605,-8218,-7876,14365,866
606,19576,15242,6011,868
607,10355,9677,13218,872
608,-11516,-10591,12504,873
609,-25213,-16374,523,874
610,23063,16165,2665,876
611,-21329,-15793,4353,879
612,11328,10447,12621,881
613,-588,-584,16371,882
614,13288,11879,11285,883
615,9811,9235,13532,885
616,7510,7250,14691,886
617,-472,-470,16377,887
618,15078,13037,9920,888
619,-20946,-15687,4723,889
620,-14330,-12571,10503,890
621,9872,9287,13496,892
622,-9975,-9371,13438,894
623,4198,4156,15848,897
624,-1376,-1372,16324,898
625,1592,1594,16305,899
626,-3834,-3798,15938,900
627,12659,11435,11732,901
628,-8709,-8302,14123,902
629,10441,9749,13165,903
630,-11791,-10798,12321,904
631,-12796,-11533,11635,906
632,-19526,-15222,6062,907
633,-15823,-13474,9322,908
634,-19582,-15242,6010,909
635,1846,1844,16278,910
636,13495,12021,11132,911
637,-16206,-13689,9003,912
638,-14598,-12742,10298,914
639,-813,-812,16366,916
640,11560,10623,12475,917
641,24532,16342,1196,919
642,1268,1274,16331,922
643,-11169,-10323,12721,923
644,-20562,-15573,5088,925
645,-15744,-13428,9384,926
646,-14027,-12376,10733,927
647,-16500,-13850,8755,929
648,-25008,-16368,727,930
649,1757,1752,16291,932
650,-11617,-10666,12436,933
651,24413,16327,1326,934
652,2746,2733,16155,936
653,10161,9521,13333,937
654,-19236,-15110,6330,940
655,18965,15002,6581,942
656,-469,-470,16381,943
657,19185,15092,6379,944
658,3812,3780,15939,945
659,-1575,-1576,16310,946
660,-3064,-3045,16097,947
661,-16246,-13709,8967,949
662,-23091,-16171,2634,950
663,22702,16106,3015,952
664,-1146,-1144,16345,953
665,16580,13895,8682,955
666,-5111,-5027,15592,956
667,-21923,-15939,3777,957
668,6663,6479,15048,958
669,-22977,-16153,2748,960
670,-18056,-14615,7401,961
671,3234,3215,16065,962
672,-10097,-9471,13369,964
673,25423,16378,318,965
674,-19639,-15266,5958,966
675,13611,12099,11048,967
676,5472,5369,15477,968
677,14965,12971,10008,969
678,-14119,-12435,10665,970
679,1162,1160,16344,971
680,-2547,-2539,16190,973
681,-2948,-2933,16119,974
682,18538,14831,6964,975
683,25223,16374,516,981
684,-10017,-9407,13414,982
685,6230,6084,15210,984
686,5643,5531,15421,985
687,12358,11221,11938,987
688,23038,16163,2687,988
689,-15041,-13015,9951,989
690,-14874,-12914,10082,990
691,8258,7911,14348,991
692,-17652,-14428,7756,992
693,-16789,-14003,8507,993
694,-21872,-15931,3827,994
695,-25598,-16383,137,995
696,-2548,-2539,16188,996
697,4829,4754,15679,997
698,-10744,-9988,12984,998
699,-13821,-12238,10891,999
700,10652,9918,13039,1000
701,10448,9755,13161,1001
702,-2366,-2357,16214,1002
703,9645,9098,13624,1003
704,21819,15919,3878,1004
705,14815,12878,10129,1006
706,6437,6272,15135,1008
707,8296,7947,14326,1009
708,22322,16028,3388,1011
709,-3853,-3816,15934,1012
710,2294,2289,16221,1013
711,7599,7326,14655,1017
712,21022,15709,4648,1018
713,16812,14015,8486,1020
714,-22060,-15975,3645,1021
715,-17196,-14208,8156,1022
716,-9903,-9313,13480,1023
717,12814,11545,11624,1025
718,3562,3536,15996,1026
719,-10881,-10101,12903,1027
720,-19335,-15151,6239,1028
721,9712,9154,13586,1030
722,10281,9617,13263,1031
723,22785,16118,2935,1033
724,24,28,16383,1034
725,-319,-320,16383,1036
726,-21595,-15866,4099,1037
727,-23684,-16255,2047,1038
728,-3499,-3473,16013,1039
729,-9145,-8677,13898,1041
730,-12849,-11567,11595,1042
731,-21035,-15716,4639,1044
732,23775,16264,1960,1046
733,17292,14256,8071,1047
734,3871,3840,15925,1048
735,23203,16187,2527,1049
736,25714,16383,26,1050
737,8868,8440,14043,1052
738,-11864,-10854,12273,1053
739,-23665,-16253,2067,1054
740,13191,11812,11355,1055
741,-1518,-1520,16316,1056
742,7798,7507,14562,1057
743,21416,15815,4274,1060
744,-16394,-13787,8841,1061
745,4392,4340,15797,1063
746,6938,6733,14935,1064
747,-426,-424,16377,1066
748,-21040,-15716,4633,1067
749,-7826,-7534,14553,1068
750,-8580,-8190,14190,1069
751,8757,8343,14100,1071
752,18413,14772,7082,1073
753,-8760,-8344,14095,1075
754,9969,9365,13442,1076
755,-10901,-10117,12891,1077
756,22915,16140,2811,1078
757,16140,13652,9054,1080
758,2579,2569,16181,1081
759,-2325,-2319,16222,1082
760,-9547,-9018,13680,1087
761,-9096,-8631,13920,1090
762,24201,16311,1534,1092
763,-4932,-4856,15647,1096
764,751,746,16368,1097
765,25124,16372,608,1098
766,8115,7785,14414,1099
767,2192,2190,16236,1100
768,-4465,-4410,15780,1102
769,-16081,-13620,9107,1103
770,-7114,-6888,14862,1104
771,13200,11820,11345,1107
772,6455,6288,15129,1108
773,13382,11942,11217,1109
774,-15258,-13145,9776,1111
775,2533,2527,16187,1112
776,22013,15962,3690,1114
777,-3185,-3167,16078,1115
778,10204,9559,13305,1116
779,-19486,-15204,6097,1117
780,24354,16321,1386,1118
781,5604,5495,15433,1123
782,-13419,-11971,11191,1124
783,-17584,-14396,7816,1125
784,2617,2607,16175,1126
785,2689,2681,16163,1127
786,-20938,-15685,4731,1129
787,25337,16376,400,1130
788,21254,15773,4426,1131
789,-1984,-1976,16261,1132
790,-19690,-15280,5908,1133
791,17096,14160,8239,1135
792,-84,-80,16380,1136
793,11149,10307,12734,1137
794,457,458,16376,1138
795,-11662,-10700,12406,1139
796,17229,14226,8125,1141
797,24719,16352,1020,1146
798,-13191,-11812,11356,1148
799,2639,2625,16173,1149
800,-5992,-5860,15303,1151
801,21714,15893,3980,1152
802,424,426,16376,1153
803,19525,15222,6061,1154
804,18737,14911,6787,1155
805,-11517,-10591,12504,1156
806,14927,12949,10038,1157
807,-4378,-4324,15800,1161
808,22352,16034,3362,1162
809,398,400,16376,1163
810,16499,13850,8754,1164
811,-11178,-10329,12713,1165
812,-10369,-9693,13213,1166
813,4475,4418,15775,1167
814,25679,16383,60,1168
815,-533,-536,16381,1169
816,-18087,-14629,7373,1172
817,1986,1984,16262,1174
818,-7972,-7660,14483,1176
819,2672,2665,16165,1178
820,2235,2228,16232,1179
821,-2298,-2293,16226,1180
822,-9173,-8701,13885,1181
823,-16026,-13588,9151,1182
824,10166,9525,13331,1183
825,3696,3666,15966,1184
826,-13714,-12170,10971,1185
827,14183,12479,10617,1187
828,-23489,-16230,2243,1189
829,12595,11389,11778,1190
830,10563,9846,13093,1192
831,16029,13590,9148,1193
832,-5864,-5740,15348,1194
833,8425,8057,14264,1195
834,16509,13858,8742,1196
835,24749,16355,984,1198
836,-240,-234,16378,1199
837,-23830,-16270,1901,1200
838,118,122,16383,1202
839,4642,4582,15730,1203
840,19029,15030,6521,1204
841,19260,15121,6306,1205
842,-3073,-3059,16101,1206
843,1336,1340,16327,1207
844,-2217,-2214,16237,1209
845,11450,10543,12541,1210
846,-4634,-4570,15729,1211
847,7967,7653,14488,1212
848,-17791,-14496,7638,1214
849,-1570,-1574,16312,1215
850,24151,16305,1588,1216
851,-8310,-7958,14323,1217
852,9919,9325,13470,1218
853,7712,7432,14601,1219
854,18106,14641,7354,1220
855,18136,14655,7326,1221
856,18496,14815,7002,1224
857,-6176,-6028,15233,1225
858,-9437,-8930,13745,1226
859,11258,10389,12668,1227
860,13352,11922,11239,1229
861,19167,15086,6393,1230
862,-23888,-16278,1843,1231
863,-22214,-16004,3495,1232
864,6751,6561,15012,1234
865,21666,15878,4030,1235
866,25603,16383,136,1236
867,12702,11467,11700,1237
868,-3399,-3377,16035,1238
869,-20669,-15608,4989,1242
870,6884,6683,14957,1244
871,19177,15090,6385,1245
872,-2899,-2885,16129,1246
873,9986,9379,13432,1247
874,20765,15634,4894,1250
875,-23369,-16213,2358,1252
876,15243,13133,9791,1253
877,-10636,-9904,13048,1254
878,-6442,-6275,15134,1257
879,-18243,-14700,7235,1258
880,1604,1606,16303,1261
881,3393,3372,16030,1262
882,15057,13027,9936,1264
883,-16987,-14104,8340,1265
884,-21671,-15878,4025,1266
885,19088,15054,6465,1268
886,6162,6019,15236,1270
887,-13340,-11914,11244,1272
888,21249,15771,4432,1273
889,-18369,-14756,7121,1275
890,-2000,-1992,16259,1276
891,-12663,-11437,11727,1277
892,-12594,-11387,11773,1278
893,-25252,-16376,483,1279
894,15680,13393,9435,1280
895,20651,15604,4998,1281
896,9142,8672,13901,1282
897,-17605,-14408,7802,1283
898,-2999,-2981,16109,1284
899,-7949,-7640,14495,1285
900,4507,4448,15767,1286
901,7151,6924,14851,1287
902,-3896,-3860,15924,1288
903,-12863,-11584,11590,1289
904,17773,14488,7651,1290
905,-15482,-13279,9598,1291
906,-5935,-5804,15322,1292
907,-864,-860,16360,1293
908,-13527,-12045,11111,1294
909,3702,3672,15966,1295
910,3851,3816,15933,1296
911,25360,16376,380,1297
912,-10540,-9825,13104,1298
913,24601,16346,1130,1300
914,8144,7813,14398,1301
915,-11608,-10660,12440,1303
916,3393,3372,16030,1304
917,9563,9028,13668,1305
918,12594,11389,11778,1306
919,-23212,-16191,2514,1310
920,5477,5375,15475,1312
921,-168,-168,16382,1313
922,20803,15648,4856,1314
923,-11005,-10199,12827,1315
924,15383,13218,9677,1316
925,5511,5407,15465,1317
926,-7601,-7333,14654,1319
927,7032,6815,14899,1320
928,6222,6069,15220,1321
929,9150,8678,13897,1322
930,11372,10481,12593,1324
931,8193,7855,14378,1325
932,17415,14314,7967,1326
933,6601,6421,15074,1327
934,20764,15634,4894,1328
935,7532,7270,14683,1329
936,-9835,-9257,13518,1331
937,-3046,-3031,16103,1332
938,4096,4058,15872,1333
939,11960,10922,12212,1334
940,-21097,-15730,4577,1335
941,-10546,-9831,13102,1336
942,12738,11493,11676,1337
943,-16695,-13951,8587,1338
944,-18933,-14990,6608,1339
945,2028,2028,16256,1340
946,24268,16317,1466,1341
947,1588,1590,16305,1342
948,21283,15781,4398,1343
949,17010,14116,8317,1344
950,-12509,-11329,11837,1345
951,16712,13965,8568,1348
952,-934,-932,16358,1349
953,15776,13448,9357,1350
954,12691,11457,11710,1351
955,-8302,-7950,14327,1352
956,-19808,-15323,5798,1354
957,23826,16270,1908,1356
958,-18491,-14813,7015,1357
959,24012,16293,1720,1358
960,18537,14831,6966,1361
961,11541,10609,12487,1362
962,24704,16352,1032,1363
963,24051,16297,1684,1365
964,15678,13391,9437,1367
965,-6909,-6704,14950,1369
966,14962,12969,10012,1370
967,-25020,-16368,715,1371
968,1882,1878,16276,1373
969,-2327,-2319,16220,1375
970,8896,8464,14029,1378
971,8871,8440,14043,1379
972,4352,4304,15807,1380
973,16595,13901,8672,1383
974,22663,16096,3059,1384
975,-20159,-15445,5470,1385
976,-13701,-12160,10981,1386
977,-24448,-16329,1285,1387
978,19777,15313,5825,1390
979,3161,3141,16081,1391
980,21374,15805,4310,1393
981,-14342,-12579,10493,1394
982,-22482,-16063,3234,1395
983,16669,13939,8608,1397
984,21072,15724,4600,1399
985,-10182,-9543,13319,1400
986,-4720,-4656,15708,1401
987,-18541,-14831,6967,1402
988,22970,16153,2751,1404
989,-10070,-9449,13385,1405
990,-380,-380,16379,1406
991,-20733,-15626,4927,1407
992,19933,15365,5683,1410
993,-18753,-14919,6776,1411
994,-2386,-2379,16212,1412
995,8775,8355,14092,1413
996,12515,11333,11832,1414
997,22955,16151,2765,1417
998,-4163,-4120,15860,1418
999,12470,11299,11865,1419
1000,-17782,-14490,7642,1421
1001,-4381,-4326,15800,1422
1002,-20639,-15595,5014,1424
1003,-548,-544,16373,1426
1004,-4729,-4662,15704,1427
1005,23241,16195,2483,1429
1006,-24052,-16297,1681,1430
1007,-6664,-6480,15047,1431
1008,-2914,-2903,16127,1432
1009,23191,16185,2539,1434
1010,18296,14727,7184,1435
